word1,word2,gpt-4_response,gpt4_rating
take,remove,8,8
walk,trail,4,4
feed,starve,3,3
shine,polish,7,7
calculate,add,7,7
cheat,sneak,5,5
pardon,forgive,8,8
smell,sniff,7,7
plow,dig,7,7
believe,pretend,4,4
tap,pat,2,2
condemn,kill,4,4
crunch,crack,7,7
erode,destroy,8,8
try,practice,7,7
tear,fold,3,3
replace,move,4,4
respond,ignore,2,2
rationalize,argue,5,5
laugh,sing,4,4
attack,sneak,4,4
descend,go,5,5
decompose,dissolve,7,7
miss,catch,4,4
yell,accuse,3,3
feel,touch,8,8
connect,separate,2,2
decay,deteriorate,9,9
protect,defend,9,9
bake,broil,8,8
remove,detach,9,9
describe,define,7,7
drive,walk,5,5
build,grow,5,5
decay,decompose,9,9
cover,protect,7,7
dislike,ignore,3,3
forget,recall,4,4
comprehend,learn,7,7
reflect,look,5,5
defeat,beat,9,9
know,inform,5,5
remind,repeat,5,5
go,let,4,4
dislike,disown,3,3
go,advance,8,8
produce,reproduce,5,5
recommend,assist,5,5
shake,shiver,5,5
take,carry,7,7
accomplish,succeed,9,9
drive,operate,7,7
ask,tell,7,7
gather,reap,7,7
bend,break,5,5
tear,break,7,7
jump,skip,8,8
agree,admit,5,5
give,bring,7,7
go,move,8,8
kill,shoot,7,7
crunch,chew,7,7
carry,tow,7,7
sing,hum,7,7
dismay,upset,8,8
shun,ignore,8,8
believe,know,7,7
hurt,smash,4,4
prefer,hate,4,4
cook,bake,8,8
reprimand,yell,5,5
break,destroy,7,7
hit,slap,8,8
wrap,tie,7,7
upset,frustrate,7,7
show,preview,7,7
accuse,tell,4,4
hate,disown,4,4
pounce,bounce,4,4
respect,like,5,5
sell,purchase,8,8
put,take,5,5
charge,cover,3,3
melt,freeze,2,2
agree,differ,2,2
flap,fold,7,7
die,survive,2,2
pull,lift,5,5
hitch,ride,4,4
live,let,2,2
sow,plow,4,4
destroy,kill,7,7
obtain,get,9,9
buy,sell,7,7
deposit,put,5,5
rise,wake,5,5
pray,kneel,4,4
jump,climb,7,7
rescue,survive,5,5
succeed,overcome,7,7
look,examine,8,8
delay,pause,8,8
take,use,7,7
color,decorate,4,4
get,achieve,8,8
drink,intoxicate,4,4
die,deteriorate,5,5
treat,buy,4,4
dump,waste,8,8
learn,evaluate,4,4
know,meet,4,4
compete,finish,4,4
sing,rap,7,7
beat,kill,4,4
thaw,melt,8,8
kidnap,capture,8,8
gulp,slurp,8,8
walk,jog,8,8
think,presume,8,8
say,speak,9,9
tend,help,7,7
see,meet,4,4
preview,look,5,5
forget,decay,3,3
kick,punch,8,8
claim,take,5,5
sell,borrow,3,3
confuse,understand,2,2
want,crave,8,8
veer,look,2,2
persuade,discourage,3,3
arrive,depart,5,5
skip,miss,7,7
talk,describe,7,7
take,acquire,8,8
perform,entertain,7,7
wipe,wash,7,7
pray,hope,7,7
decline,lower,7,7
determine,understand,7,7
sting,prick,8,8
search,seek,9,9
disprove,dislike,3,3
pull,detach,7,7
disbelieve,believe,1,1
lean,fall,3,3
get,grab,8,8
control,hold,5,5
alter,change,9,9
kidnap,take,4,4
disturb,interrupt,8,8
seem,appear,9,9
repeat,do,5,5
compose,create,8,8
justify,prove,8,8
separate,combine,2,2
disintegrate,melt,7,7
have,hold,7,7
kill,live,1,1
descend,lower,8,8
disprove,agree,2,2
run,hurry,8,8
reap,gain,7,7
rub,hold,4,4
finish,start,3,3
pull,tow,7,7
swap,give,7,7
annoy,aggravate,9,9
deteriorate,disappear,4,4
hike,trail,4,4
compute,add,7,7
pull,strain,7,7
assault,hit,7,7
inhale,breathe,9,9
sneak,lie,5,5
brush,paint,4,4
want,get,4,4
create,imagine,7,7
travel,move,7,7
desire,need,7,7
rationalize,think,7,7
hide,deny,5,5
increase,raise,8,8
talk,criticize,5,5
determine,discover,7,7
think,realize,7,7
boom,crash,7,7
replace,fix,7,7
fall,dive,7,7
hold,reserve,7,7
implode,explode,8,8
sprain,strain,8,8
respond,speak,7,7
regret,forget,4,4
travel,go,7,7
flee,fight,3,3
soak,bleach,4,4
accept,allow,8,8
add,reduce,4,4
save,deposit,7,7
jump,dive,7,7
hurt,prick,4,4
hide,repress,7,7
bring,carry,8,8
get,ask,5,5
spin,turn,8,8
overflow,fill,5,5
offend,bother,7,7
break,replace,3,3
run,hide,4,4
start,begin,9,9
spoil,perish,7,7
weave,drive,3,3
prepare,cook,7,7
pretend,imitate,8,8
lose,forget,5,5
hunt,kill,5,5
let,allow,9,9
look,appear,8,8
tug,jerk,8,8
dive,swim,7,7
dance,sway,7,7
whisper,yell,4,4
salute,acknowledge,7,7
become,make,4,4
scare,surprise,7,7
sway,move,7,7
go,send,4,4
float,drift,8,8
move,shift,8,8
reprimand,correct,7,7
leave,evacuate,8,8
clench,hold,7,7
concentrate,wander,2,2
suppose,guess,8,8
split,leave,5,5
get,put,4,4
receive,send,5,5
begin,introduce,7,7
call,yell,7,7
cook,mix,5,5
ridicule,tease,8,8
associate,connect,7,7
entertain,enjoy,6,6
reply,respond,9,9
attack,beat,7,7
evict,throw,4,4
crackle,pop,7,7
sew,rip,4,4
call,respond,5,5
lose,find,3,3
reject,accept,2,2
run,evacuate,5,5
hurry,rush,9,9
defend,prosecute,4,4
convince,lie,3,3
lower,degrade,7,7
enjoy,relax,6,6
disintegrate,dissolve,8,8
introduce,show,5,5
want,yearn,8,8
remark,talk,6,6
float,drown,4,4
sit,lie,7,7
die,drown,4,4
combine,integrate,8,8
appear,see,4,4
smear,wipe,7,7
insult,offend,8,8
aggravate,irritate,9,9
flow,pour,7,7
play,swing,4,4
demand,need,7,7
drip,sink,4,4
confess,lie,4,4
remember,retain,8,8
sink,float,4,4
remind,think,5,5
tell,instruct,8,8
take,replace,4,4
destroy,demolish,9,9
fade,bleach,5,5
run,escape,7,7
abuse,neglect,7,7
take,choose,7,7
fly,launch,5,5
remember,recall,9,9
tell,talk,7,7
boil,fry,7,7
vacate,leave,9,9
keep,hold,7,7
testify,confess,7,7
delay,wait,8,8
yawn,stretch,5,5
make,compose,8,8
make,do,8,8
drink,vomit,2,2
grill,burn,4,4
grab,hold,8,8
smoke,cough,4,4
reappear,vanish,5,5
think,pause,4,4
help,participate,4,4
fight,kill,5,5
rise,lift,7,7
swap,change,8,8
crawl,climb,7,7
see,hear,5,5
win,fight,4,4
leap,fall,5,5
strike,blow,7,7
beat,hurt,7,7
go,flee,7,7
blend,mix,9,9
meet,attend,7,7
fall,rise,4,4
help,assist,9,9
climb,fall,4,4
burn,melt,7,7
borrow,beg,5,5
give,beg,3,3
let,release,7,7
increase,add,7,7
unload,carry,4,4
talk,debate,7,7
describe,write,7,7
hear,tell,5,5
doze,nap,9,9
stab,shoot,7,7
grasp,understand,8,8
destroy,repair,2,2
accept,deny,2,2
combine,join,8,8
join,gather,8,8
deny,reject,8,8
bend,turn,8,8
evict,move,4,4
tell,testify,8,8
define,mean,8,8
triumph,defeat,3,3
stop,whistle,2,2
die,crash,4,4
realize,discover,8,8
guess,try,7,7
rub,grate,5,5
drag,pull,8,8
spell,speak,4,4
remove,evict,7,7
win,award,7,7
hide,bury,6,6
gain,get,7,7
forgive,regret,4,4
hide,find,4,4
relax,stretch,4,4
see,squint,4,4
flee,escape,9,9
jerk,prick,8,8
wear,erode,4,4
waste,throw,4,4
bury,forget,5,5
frustrate,annoy,8,8
learn,teach,7,7
come,bring,7,7
wait,stay,7,7
burst,laugh,3,3
look,inspect,8,8
portray,play,5,5
lose,defeat,8,8
steal,rob,9,9
transplant,remove,4,4
speak,listen,4,4
think,compute,5,5
punish,deny,4,4
solve,compute,7,7
organize,prepare,7,7
overflow,spill,8,8
disperse,spread,8,8
ask,suggest,7,7
walk,talk,3,3
toast,burn,3,3
haunt,scare,7,7
drink,gulp,7,7
protect,help,7,7
admit,give,3,3
stay,come,5,5
win,finish,5,5
condemn,hate,5,5
lean,sway,5,5
kill,annihilate,9,9
want,hope,7,7
slide,show,4,4
scream,squeal,8,8
join,integrate,8,8
permit,deny,4,4
choke,swallow,5,5
smell,perspire,2,2
keep,snatch,3,3
engage,go,4,4
sprinkle,pour,7,7
save,restore,7,7
do,perform,8,8
develop,create,8,8
supply,give,7,7
get,have,5,5
look,observe,8,8
earn,gain,8,8
dunk,drown,5,5
seize,control,7,7
ponder,reflect,8,8
rap,speak,4,4
change,replace,7,7
prohibit,stop,8,8
build,destroy,3,3
choose,elect,8,8
survive,struggle,5,5
crash,wreck,8,8
release,go,4,4
decrease,lower,9,9
leave,escape,7,7
regret,worry,5,5
hold,hug,7,7
push,urge,7,7
run,charge,5,5
drift,move,7,7
mow,plow,5,5
rinse,wash,8,8
make,develop,7,7
visit,travel,7,7
receive,give,5,5
print,press,7,7
dismiss,go,5,5
express,tell,7,7
break,connect,2,2
veer,move,7,7
fade,perish,4,4
glance,stare,7,7
hate,respect,2,2
doubt,disbelieve,8,8
persuade,ask,5,5
beat,mistreat,7,7
lie,deceive,8,8
scribble,draw,8,8
grab,release,2,2
comfort,relax,7,7
sweat,shiver,4,4
exist,die,3,3
strive,try,9,9
perceive,understand,7,7
squeeze,crush,8,8
solve,find,7,7
show,dance,4,4
entertain,sing,6,6
stretch,pull,7,7
adjourn,finish,7,7
think,determine,7,7
soothe,console,8,8
disturb,awake,4,4
finish,diminish,4,4
talk,pray,4,4
stop,hamper,5,5
leap,hop,8,8
tear,demolish,5,5
blow,pop,7,7
accept,refuse,2,2
return,recall,7,7
teach,educate,9,9
believe,accept,7,7
attack,kill,7,7
save,reserve,7,7
inspect,find,6,6
demolish,wreck,9,9
tell,suggest,7,7
gamble,win,4,4
reflect,see,6,6
split,crack,8,8
gain,learn,5,5
understand,comprehend,9,9
console,help,5,5
pay,buy,7,7
deliver,take,5,5
comprehend,perceive,7,7
sneak,slither,4,4
restore,repair,8,8
buy,purchase,10,10
make,reproduce,7,7
punish,forbid,5,5
watch,examine,7,7
perspire,sweat,10,10
judge,condemn,5,5
move,stay,2,2
nag,complain,8,8
listen,learn,7,7
retreat,hide,7,7
remove,add,3,3
assume,presume,9,9
acknowledge,admit,8,8
reject,dislike,7,7
obey,command,5,5
win,play,4,4
stain,smudge,8,8
remember,realize,5,5
assault,attack,9,9
tumble,fall,8,8
drink,lounge,2,2
abuse,hurt,7,7
fight,tackle,7,7
disturb,upset,8,8
push,shun,2,2
help,criticize,3,3
permit,disallow,4,4
meet,swap,3,3
please,beg,7,7
renounce,defeat,4,4
participate,engage,8,8
snap,break,7,7
boom,explode,8,8
get,replace,3,3
toss,turn,5,5
laugh,embarrass,3,3
save,rescue,8,8
upset,hurt,7,7
appear,vanish,4,4
smell,offend,2,2
help,lend,5,5
move,avoid,4,4
talk,communicate,9,9
disturb,irritate,7,7
diminish,disappear,7,7
betray,lie,6,6
slurp,suck,7,7
stop,go,2,2
look,glance,8,8
hit,abuse,7,7
destroy,construct,3,3
reject,hurt,4,4
hike,walk,8,8
show,express,7,7
humiliate,embarrass,8,8
choke,cough,7,7
tickle,tease,7,7
compute,analyze,7,7
ride,drive,7,7
greet,salute,8,8
prosecute,judge,4,4
perform,dance,7,7
invent,create,8,8
squeak,crack,4,4
avoid,deny,4,4
divide,unite,2,2
spank,scold,7,7
call,collect,4,4
sip,gulp,7,7
crave,need,7,7
cover,bury,7,7
hurt,offend,7,7
win,compete,5,5
hit,beat,8,8
change,spare,3,3
tickle,giggle,6,6
bother,affect,7,7
haul,pull,8,8
go,start,7,7
disprove,prove,7,7
draw,attract,7,7
sit,rise,4,4
protect,watch,5,5
achieve,accomplish,9,9
taste,acquire,2,2
read,write,7,7
shake,dance,5,5
degrade,embarrass,5,5
attempt,try,9,9
pray,bless,6,6
polish,tarnish,4,4
mimic,tease,4,4
save,drown,2,2
grind,smash,7,7
need,depend,7,7
yearn,learn,2,2
defend,help,6,6
bake,fry,7,7
snuggle,hug,8,8
compute,understand,5,5
tear,wear,2,2
plead,please,4,4
neglect,leave,4,4
unload,dump,7,7
watch,see,7,7
slay,kill,9,9
originate,begin,9,9
avoid,hide,6,6
show,perform,8,8
prosper,grow,7,7
become,arrive,4,4
transplant,exchange,4,4
strike,hit,8,8
talk,argue,7,7
kill,poach,5,5
tell,squeal,5,5
please,request,7,7
lose,subtract,5,5
admit,tell,7,7
go,stay,3,3
concentrate,think,7,7
save,help,7,7
disintegrate,decay,8,8
delay,stop,5,5
add,multiply,7,7
give,return,5,5
slide,fall,5,5
blow,whistle,4,4
portray,show,7,7
attend,appear,5,5
insult,criticize,7,7
allow,deny,3,3
practice,repeat,7,7
find,determine,8,8
rip,tear,9,9
nag,annoy,8,8
hit,connect,4,4
yell,scream,9,9
hoot,holler,8,8
mend,break,2,2
organize,gather,5,5
suggest,advise,8,8
overwhelm,confuse,7,7
ask,please,4,4
change,affect,7,7
amuse,entertain,9,9
haul,take,7,7
suppose,imagine,8,8
follow,come,5,5
spend,save,4,4
tap,touch,7,7
fling,shoot,5,5
meet,introduce,5,5
rationalize,justify,8,8
update,review,5,5
sew,weave,7,7
shrink,grow,4,4
fail,try,4,4
destroy,smash,8,8
steal,sneak,4,4
retreat,go,4,4
run,rush,8,8
lean,stand,4,4
return,take,4,4
rejoice,celebrate,8,8
choke,die,7,7
hate,shun,4,4
disown,renounce,9,9
reject,refuse,9,9
teach,show,6,6
fight,disagree,7,7
debate,decide,5,5
follow,chase,7,7
reject,disown,7,7
desire,yearn,9,9
die,smother,4,4
unite,combine,8,8
tell,notify,8,8
defrost,freeze,3,3
triumph,succeed,8,8
say,announce,8,8
destroy,explode,7,7
enjoy,participate,4,4
knit,crochet,8,8
laugh,tickle,4,4
tell,convince,7,7
achieve,finish,5,5
scratch,rub,5,5
stamp,lick,3,3
hurt,ache,8,8
wrap,cover,7,7
help,hurt,3,3
think,reflect,8,8
follow,lead,4,4
run,operate,7,7
ignore,hurt,4,4
deny,prohibit,7,7
realize,set,3,3
exchange,swap,9,9
assume,judge,6,6
compound,mix,7,7
destroy,crush,8,8
bleach,wash,6,6
accuse,defend,3,3
fade,vanish,8,8
demand,command,5,5
decline,descend,7,7
spell,hypnotize,5,5
enter,admit,7,7
poach,boil,7,7
overcome,dominate,6,6
assume,suppose,8,8
deliver,give,7,7
prove,show,8,8
detach,attach,2,2
blow,hit,7,7
detach,separate,9,9
assist,aid,9,9
chew,bite,8,8
float,swim,7,7
squeal,laugh,4,4
need,urge,7,7
spill,pour,7,7
acquire,accumulate,8,8
retreat,run,4,4
hurt,fall,3,3
respond,remark,6,6
correct,fix,7,7
remain,stay,9,9
blame,hate,4,4
flip,flap,7,7
glide,flow,7,7
drink,quench,7,7
have,retain,8,8
scratch,hurt,5,5
go,leave,8,8
begin,stop,2,2
scribble,write,7,7
think,feel,7,7
swim,dip,7,7
ascend,descend,4,4
erode,deteriorate,9,9
evict,leave,5,5
flush,blush,4,4
rearrange,organize,8,8
smell,sweat,3,3
dance,entertain,5,5
stumble,fall,8,8
demand,reprimand,3,3
humiliate,insult,8,8
crunch,bite,7,7
tell,announce,8,8
smash,break,8,8
stop,adjourn,7,7
wash,soak,7,7
run,skip,7,7
reflect,shine,7,7
excuse,interrupt,4,4
speak,tell,7,7
complain,disagree,4,4
punch,fight,7,7
marry,wed,9,9
entertain,show,7,7
push,fight,5,5
learn,read,7,7
shun,reject,8,8
decline,reject,7,7
explain,describe,7,7
deny,admit,3,3
leave,excuse,5,5
dismiss,excuse,7,7
think,ponder,9,9
hit,pinch,5,5
frighten,scare,9,9
whistle,hum,7,7
play,perform,8,8
leave,take,4,4
sell,barter,8,8
wreck,drive,3,3
get,acquire,8,8
arrest,prosecute,7,7
snooze,doze,9,9
condemn,accuse,7,7
help,cry,3,3
conquer,dominate,8,8
receive,acquire,8,8
unite,marry,7,7
retreat,advance,1,1
catch,chase,7,7
jerk,pull,7,7
assault,hurt,7,7
travel,roam,8,8
attack,fight,8,8
hitch,attach,7,7
bother,interrupt,5,5
receive,deliver,7,7
capture,take,7,7
move,leave,7,7
achieve,try,5,5
retreat,charge,3,3
fasten,hold,7,7
rationalize,understand,7,7
restore,fix,8,8
come,leave,4,4
aggravate,frustrate,8,8
spank,hurt,7,7
smell,taste,7,7
lower,raise,3,3
sink,dip,4,4
hate,ignore,3,3
strain,lift,4,4
console,comfort,7,7
play,lead,3,3
talk,console,4,4
tease,bother,7,7
deny,lie,7,7
excel,advance,7,7
annoy,irritate,9,9
retreat,attack,2,2
drink,pop,5,5
spank,hit,8,8
shatter,break,9,9
lower,reduce,8,8
reappear,fix,2,2
sneak,hide,7,7
breathe,smother,3,3
adjourn,leave,7,7
persuade,urge,8,8
accumulate,gain,8,8
wiggle,move,7,7
renounce,deny,8,8
miss,hit,4,4
vary,differ,9,9
move,change,7,7
tow,move,7,7
tell,describe,8,8
punish,hit,5,5
talk,listen,4,4
urge,beg,7,7
grab,clench,7,7
heal,help,7,7
let,permit,9,9
search,look,8,8
lie,promise,4,4
set,swing,2,2
jog,run,8,8
stain,tarnish,8,8
talk,say,8,8
diminish,fade,7,7
ignore,disregard,9,9
die,kill,7,7
spank,slap,8,8
sew,crochet,7,7
talk,associate,4,4
touch,kiss,7,7
loosen,tie,4,4
lie,assume,4,4
gather,collect,8,8
punish,reprimand,8,8
have,want,5,5
tote,carry,8,8
fly,soar,8,8
reduce,save,7,7
stop,stay,5,5
spank,cry,3,3
obey,follow,7,7
lose,control,3,3
glide,hang,4,4
grab,take,8,8
hop,jump,8,8
argue,disagree,8,8
slide,move,5,5
incline,tend,7,7
stop,hesitate,7,7
toss,fling,8,8
kneel,beg,4,4
stare,look,8,8
disintegrate,perish,7,7
dislike,shun,7,7
deposit,return,4,4
stop,disallow,8,8
walk,crawl,7,7
renounce,reject,8,8
snore,snooze,5,5
look,see,8,8
assault,aggravate,4,4
obtain,have,7,7
beware,watch,5,5
talk,rap,5,5
tell,lie,4,4
cover,spread,7,7
descend,leave,5,5
take,snatch,7,7
call,bluff,3,3
cover,hide,8,8
pick,elect,7,7
smear,rub,7,7
keep,save,8,8
decrease,increase,4,4
disprove,disagree,4,4
sow,sew,2,2
claim,sue,5,5
allow,go,4,4
triumph,win,8,8
forget,leave,4,4
sit,lounge,7,7
disappear,dissolve,6,6
defend,stand,3,3
overcome,conquer,9,9
deliver,bring,8,8
kneel,sit,7,7
hurt,limp,3,3
disprove,reject,7,7
yell,holler,9,9
make,design,7,7
like,want,7,7
acquire,gain,9,9
regret,dislike,4,4
accept,understand,5,5
wiggle,giggle,3,3
hop,skip,8,8
push,pull,5,5
veer,turn,8,8
assume,know,7,7
hurt,condemn,3,3
defrost,thaw,9,9
scream,roar,7,7
convince,talk,5,5
retreat,leave,7,7
annoy,confuse,4,4
reject,ignore,7,7
destroy,diminish,5,5
haul,lift,7,7
wait,hesitate,7,7
give,sell,5,5
rise,lower,2,2
hurt,cry,4,4
multiply,increase,7,7
stop,flow,3,3
prosecute,try,8,8
justify,clarify,5,5
acknowledge,greet,4,4
scold,yell,7,7
shuffle,travel,3,3
lose,fail,7,7
speak,renounce,2,2
come,go,7,7
yell,criticize,5,5
bake,make,7,7
originate,start,8,8
attack,tackle,7,7
use,operate,8,8
run,flow,5,5
collect,acquire,8,8
move,turn,5,5
enter,leave,3,3
engage,marry,8,8
grab,reach,7,7
agree,disagree,1,1
replace,fill,4,4
hurt,whip,3,3
whip,punish,7,7
yell,roar,7,7
hurt,feel,4,4
fall,bounce,3,3
choose,pick,9,9
sew,knit,7,7
perish,leave,3,3
ponder,toil,4,4
wipe,spill,4,4
affect,respond,5,5
deliver,send,8,8
fix,mend,9,9
evaluate,examine,8,8
become,grow,7,7
learn,know,7,7
glare,reflect,5,5
cook,boil,5,5
lead,direct,8,8
talk,reply,6,6
inspect,search,7,7
respond,talk,7,7
argue,differ,5,5
betray,cheat,7,7
decrease,decline,9,9
increase,reduce,2,2
blur,smear,7,7
irritate,frustrate,8,8
sell,hustle,6,6
release,unload,5,5
want,demand,7,7
swear,damn,7,7
squint,glare,5,5
yell,hoot,5,5
result,finish,7,7
kick,hurt,5,5
incline,decline,8,8
leave,ascend,4,4
be,become,5,5
hypnotize,control,7,7
leave,return,4,4
despair,upset,7,7
determine,guess,6,6
beg,ask,7,7
kneel,bend,7,7
pelt,hit,7,7
lie,admit,2,2
pinch,punch,4,4
hit,pat,5,5
prosecute,charge,7,7
convince,explain,7,7
retain,keep,9,9
magnify,look,4,4
join,unite,9,9
differ,disagree,7,7
lie,disbelieve,4,4
annoy,mimic,2,2
retain,hold,8,8
exist,live,7,7
keep,find,4,4
receive,take,7,7
know,think,7,7
send,get,4,4
recommend,suggest,9,9
beat,whip,8,8
pelt,throw,5,5
win,lose,3,3
hit,punch,8,8
appear,reappear,9,9
like,adore,7,7
jump,flip,7,7
magnify,see,4,4
argue,discuss,7,7
guess,know,7,7
remark,say,7,7
burst,explode,9,9
notify,inform,9,9
prepare,fix,5,5
erode,decay,8,8
do,participate,8,8
reduce,diminish,9,9
explain,understand,7,7
crawl,run,5,5
fasten,attach,9,9
embarrass,blush,7,7
hurt,bite,4,4
ignore,avoid,7,7
cry,sob,9,9
flex,stretch,8,8
deny,forbid,7,7
pinch,squeeze,8,8
conquer,win,8,8
grant,give,8,8
perish,disappear,5,5
prohibit,ban,9,9
shrink,reduce,8,8
command,tell,8,8
teach,inform,7,7
waste,decompose,4,4
demand,supply,5,5
cry,upset,7,7
suggest,say,5,5
beg,need,4,4
lose,gain,4,4
abduct,kidnap,9,9
give,disown,3,3
sway,swing,7,7
urge,crave,8,8
broil,cook,8,8
disallow,forbid,9,9
melt,defrost,8,8
reproduce,breed,8,8
invent,make,7,7
spell,write,7,7
push,shove,9,9
carry,hold,8,8
slide,swing,7,7
collect,keep,7,7
stray,wander,7,7
remove,strip,7,7
decompose,destroy,7,7
crackle,crunch,7,7
think,hesitate,4,4
pretend,imagine,7,7
bump,hit,7,7
appear,come,5,5
examine,inspect,9,9
increase,accelerate,7,7
presume,believe,8,8
acknowledge,exist,3,3
grind,grate,7,7
pop,explode,7,7
tell,listen,3,3
drive,permit,3,3
break,unite,2,2
smell,touch,4,4
release,relax,5,5
beat,abuse,7,7
bother,aggravate,8,8
grasp,hold,8,8
take,seize,8,8
acquire,buy,8,8
create,reproduce,5,5
explode,blow,7,7
perceive,think,7,7
wander,search,7,7
whisper,scream,4,4
punch,drink,4,4
grab,pick,7,7
bend,stretch,7,7
pour,drip,7,7
yell,announce,4,4
inform,ask,4,4
acknowledge,accept,7,7
repair,replace,6,6
destroy,corrupt,5,5
look,review,5,5
crush,grind,7,7
do,stop,3,3
go,strive,7,7
pop,burst,7,7
make,break,3,3
weave,knit,7,7
lose,gamble,4,4
lean,lay,4,4
determine,decide,9,9
hurt,strain,5,5
adore,admire,7,7
pay,treat,4,4
usurp,use,2,2
wander,worry,3,3
disguise,hide,7,7
steal,cheat,6,6
change,differ,5,5
observe,see,8,8
cough,sneeze,7,7
prefer,want,8,8
leave,flee,8,8
mistreat,hurt,8,8
kill,overpower,7,7
cry,tease,3,3
defend,justify,7,7
depart,go,8,8
design,invent,7,7
knock,tap,8,8
let,do,5,5
disperse,separate,8,8
reap,sow,7,7
squeak,squeal,8,8
begin,finish,3,3
throw,fling,9,9
interrupt,break,7,7
justify,argue,7,7
pluck,pull,7,7
evaluate,judge,8,8
diminish,shrink,9,9
flush,embarrass,4,4
make,create,9,9
change,become,7,7
advise,help,7,7
bump,knock,7,7
pounce,hit,5,5
crackle,snap,8,8
listen,watch,7,7
hurt,burn,5,5
achieve,excel,7,7
surprise,overwhelm,5,5
leave,visit,4,4
arrest,suspect,4,4
accomplish,finish,8,8
tell,predict,7,7
spring,bounce,6,6
accept,decline,2,2
laugh,enjoy,5,5
admit,say,5,5
win,overcome,8,8
portray,imitate,7,7
rip,mend,3,3
hold,stay,5,5
choke,smother,8,8
cook,fry,7,7
dunk,soak,8,8
jump,pounce,8,8
help,scream,2,2
grab,snatch,9,9
humiliate,laugh,4,4
review,read,5,5
wear,fit,5,5
confuse,frustrate,7,7
go,enter,8,8
repeat,mimic,7,7
fly,ascend,7,7
do,dare,4,4
win,accomplish,8,8
vanish,diminish,7,7
dance,tap,7,7
fit,trim,7,7
send,give,7,7
add,accumulate,8,8
give,lend,7,7
disappoint,betray,4,4
forbid,stop,7,7
blame,accuse,8,8
disallow,discourage,7,7
recommend,tell,5,5
win,dominate,7,7
dissolve,melt,8,8
slither,crawl,7,7
grab,seize,9,9
swim,drown,4,4
discover,invent,6,6
tell,remind,7,7
call,talk,7,7
justify,explain,7,7
tease,play,5,5
fill,cover,5,5
help,warn,4,4
put,give,5,5
avoid,shun,9,9
relax,soothe,7,7
hate,despise,9,9
understand,clarify,5,5
fix,heal,7,7
capture,release,2,2
achieve,strive,7,7
condemn,ridicule,5,5
educate,inform,7,7
upset,disappoint,7,7
reduce,subtract,8,8
follow,trail,5,5
hustle,dance,5,5
cast,break,4,4
greet,meet,7,7
breathe,exhale,8,8
attend,come,5,5
hurt,insult,5,5
strive,seek,7,7
mend,heal,8,8
steal,snatch,8,8
lie,lay,7,7
stop,wait,7,7
incline,rise,8,8
swim,meet,2,2
change,turn,5,5
forgive,beg,3,3
hide,scare,3,3
rearrange,move,7,7
build,construct,9,9
hit,attack,8,8
criticize,offend,4,4
lick,taste,8,8
succeed,achieve,9,9
exchange,return,7,7
annoy,disturb,7,7
broil,burn,7,7
convince,agree,6,6
complain,annoy,4,4
slap,pat,7,7
fasten,loosen,3,3
overcome,triumph,8,8
scratch,scribble,5,5
crash,smash,8,8
sip,swallow,7,7
sniff,scratch,4,4
decide,analyze,5,5
swap,fly,1,1
avoid,miss,7,7
try,convince,4,4
enjoy,live,4,4
respect,acknowledge,5,5
concentrate,learn,5,5
perish,die,9,9
slip,slide,8,8
irritate,bother,9,9
destroy,make,2,2
divide,separate,8,8
lounge,relax,7,7
appear,show,7,7
toss,catch,5,5
leap,bound,8,8
change,shift,7,7
hurt,disappoint,5,5
conquer,control,7,7
despair,cry,4,4
divide,split,9,9
bluff,lie,7,7
sip,slurp,8,8
cook,poach,7,7
smash,crush,8,8
sneeze,sniff,5,5
throw,kick,7,7
flap,cover,5,5
dip,chew,3,3
pull,press,7,7
embarrass,insult,4,4
talk,persuade,7,7
disguise,cover,5,5
shine,rise,4,4
hold,seize,8,8
get,give,5,5
attend,leave,2,2
prosper,gain,7,7
predict,guess,8,8
hamper,bother,7,7
move,walk,7,7
stir,blend,7,7
leave,travel,7,7
hesitate,pause,8,8
tap,rap,2,2
combine,add,7,7
like,enjoy,8,8
travel,fly,7,7
move,haul,7,7
die,condemn,4,4
sting,bite,7,7
build,accumulate,4,4
wear,adorn,8,8
pick,prefer,8,8
wag,move,4,4
send,return,5,5
hurt,squeeze,3,3
separate,remove,5,5
ignore,forget,7,7
depend,rely,9,9
release,give,7,7
soak,drench,8,8
advance,pay,3,3
catch,lose,3,3
roam,follow,5,5
read,spell,5,5
excel,win,7,7
forbid,allow,1,1
tan,burn,4,4
pause,stop,8,8
confess,deny,3,3
express,say,7,7
change,rearrange,7,7
win,defeat,9,9
disintegrate,destroy,8,8
prohibit,allow,1,1
allow,ban,2,2
swallow,gulp,8,8
shuffle,ride,3,3
argue,agree,3,3
slip,cover,3,3
punish,scold,7,7
fall,stand,3,3
confess,tell,7,7
condemn,punish,8,8
fade,tarnish,7,7
fade,disappear,8,8
urge,suggest,7,7
confuse,explain,3,3
demolish,break,7,7
attend,go,7,7
rap,knock,4,4
direct,steer,7,7
transplant,replace,7,7
hurt,soar,2,2
crunch,break,7,7
warn,tell,7,7
recruit,get,4,4
decorate,adorn,9,9
run,hustle,7,7
have,give,4,4
sip,stir,4,4
chop,grate,7,7
suspect,think,5,5
hate,like,2,2
prohibit,disallow,9,9
aim,shoot,7,7
fix,alter,8,8
compete,fight,7,7
ridicule,criticize,7,7
obtain,acquire,9,9
succeed,prosper,8,8
glide,fly,8,8
duplicate,repeat,7,7
gather,recruit,7,7
replace,give,4,4
ask,try,5,5
make,prepare,8,8
touch,pat,8,8
show,hide,3,3
remember,remind,7,7
disintegrate,integrate,2,2
annihilate,demolish,8,8
hit,knock,7,7
cry,humiliate,3,3
testify,judge,4,4
call,notify,8,8
forget,remember,4,4
talk,participate,4,4
spend,use,7,7
try,succeed,4,4
punish,spank,8,8
grow,raise,7,7
steal,lie,4,4
blur,see,4,4
holler,scold,7,7
descend,fall,7,7
jump,leap,9,9
recruit,join,7,7
fight,hit,7,7
shake,bake,2,2
decide,choose,9,9
do,achieve,8,8
fight,struggle,8,8
think,guess,7,7
define,clarify,8,8
speak,talk,9,9
separate,split,8,8
cast,play,4,4
condemn,damn,8,8
replace,remove,7,7
throw,chuck,9,9
accept,take,7,7
strain,struggle,7,7
steer,veer,7,7
break,burst,7,7
criticize,hate,4,4
burn,fry,7,7
attack,pounce,8,8
sip,taste,7,7
hope,despair,2,2
decorate,change,4,4
say,tell,8,8
originate,create,8,8
lie,believe,4,4
hurt,sting,7,7
crash,break,7,7
remove,leave,7,7
hold,release,2,2
walk,ride,5,5
urge,want,8,8
make,construct,9,9
fix,solve,8,8
promise,break,3,3
leave,arrive,4,4
pretend,play,7,7
explode,erupt,8,8
agree,accept,7,7
steal,borrow,4,4
learn,think,5,5
turn,stir,5,5
presume,guess,8,8
munch,crunch,8,8
pay,receive,5,5
destroy,condemn,4,4
admit,confess,9,9
integrate,blend,7,7
crack,break,8,8
respect,salute,5,5
rearrange,fix,5,5
move,hustle,7,7
snap,bite,7,7
excuse,lie,5,5
dominate,control,8,8
speak,communicate,8,8
destroy,restore,3,3
despair,help,2,2
bump,push,5,5
persuade,change,4,4
hurt,sprain,7,7
divide,subtract,7,7
understand,develop,3,3
bother,disturb,8,8
gamble,waste,4,4
explain,excuse,4,4
calculate,determine,8,8
offend,defend,4,4
comfort,soothe,8,8
connect,join,9,9
dip,dunk,8,8
grasp,clench,7,7
hold,squeeze,7,7
hurry,hustle,8,8
strain,drain,3,3
sing,perform,7,7
kill,smother,7,7
say,reply,7,7
look,seek,7,7
put,lay,7,7
think,analyze,7,7
giggle,laugh,8,8
comfort,snuggle,7,7
hate,kill,3,3
despise,like,2,2
grant,assume,5,5
deny,accuse,4,4
admire,like,7,7
rely,need,7,7
die,disintegrate,4,4
squeeze,hug,7,7
speak,remark,7,7
climb,ascend,9,9
seem,look,7,7
live,survive,7,7
exchange,barter,9,9
go,wait,3,3
fold,bend,8,8
let,give,5,5
waste,want,2,2
increase,decline,3,3
look,perceive,8,8
pause,break,8,8
drift,sway,8,8
develop,build,7,7
request,ask,9,9
roam,wander,9,9
fail,cheat,4,4
sing,rejoice,5,5
accumulate,gather,8,8
succeed,attempt,4,4
save,spare,7,7
prohibit,forbid,9,9
wander,drift,8,8
grab,grasp,9,9
attack,hurt,7,7
forgive,forget,6,6
obey,listen,5,5
like,dislike,3,3
bounce,jump,8,8
throw,toss,9,9
argue,disprove,5,5
defrost,cook,5,5
seek,hide,3,3
wreck,destroy,8,8
buzz,fly,4,4
stop,move,2,2
debate,argue,8,8
break,split,8,8
lose,stray,5,5
draw,design,7,7
worry,concern,8,8
update,inform,7,7
remark,reply,7,7
move,flow,7,7
jump,run,5,5
return,reappear,7,7
wait,hold,7,7
lower,lift,3,3
breathe,live,5,5
hate,dislike,8,8
munch,chew,9,9
steal,buy,3,3
separate,depart,5,5
announce,renounce,4,4
hit,run,4,4
talk,whisper,7,7
drink,slurp,5,5
lay,stand,5,5
move,vacate,8,8
demand,ask,7,7
instruct,teach,9,9
look,find,6,6
return,go,5,5
disappoint,fail,7,7
bend,lean,7,7
listen,understand,7,7
leave,disperse,7,7
introduce,know,4,4
ignore,acknowledge,2,2
deceive,cheat,8,8
develop,learn,7,7
announce,speak,7,7
decorate,fix,4,4
win,achieve,8,8
grow,develop,8,8
push,press,8,8
look,evaluate,5,5
know,realize,7,7
lose,disown,6,6
repair,fix,9,9
drink,blend,3,3
fail,discourage,4,4
multiply,divide,8,8
punish,prosecute,7,7
debate,fight,5,5
convince,argue,7,7
inform,tell,8,8
earn,spend,4,4
live,die,3,3
disappear,appear,5,5
mix,drink,3,3
cry,tear,7,7
capture,catch,8,8
control,operate,8,8
add,gain,7,7
diminish,deteriorate,8,8
destroy,conquer,6,6
read,comprehend,8,8
promise,keep,3,3
borrow,return,5,5
take,steal,7,7
disperse,give,4,4
seem,be,7,7
sneeze,bless,3,3
discover,learn,7,7
sink,swim,4,4
seek,find,8,8
chase,run,7,7
increase,magnify,7,7
dunk,sink,7,7
bother,nag,7,7
tell,respond,5,5
reappear,show,5,5
agree,please,3,3
create,destroy,3,3
learn,understand,8,8
explain,clarify,9,9
attend,join,7,7
unite,tie,7,7
collect,accumulate,9,9
cuddle,hug,9,9
seize,grasp,8,8
enter,participate,7,7
move,transplant,5,5
drink,stir,3,3
hang,kill,4,4
ask,plead,7,7
evaluate,determine,7,7
decompose,deteriorate,8,8
steal,abduct,7,7
break,restore,3,3
obtain,receive,8,8
perceive,deceive,3,3
define,explain,8,8
hold,capture,7,7
detach,tear,7,7
preview,watch,4,4
lean,trim,8,8
stop,yield,7,7
chew,swallow,7,7
argue,yell,5,5
look,analyze,5,5
exchange,replace,7,7
smash,hit,8,8
hold,embrace,8,8
grind,dance,4,4
split,detach,7,7
buy,replace,3,3
snore,annoy,4,4
break,detach,7,7
play,show,5,5
punish,hurt,7,7
hate,regret,4,4
analyze,criticize,5,5
win,succeed,9,9
fly,flutter,7,7
walk,wander,8,8
glow,shine,8,8
scold,reprimand,9,9
dig,bury,7,7
exhale,inhale,8,8
lay,relax,7,7
depart,leave,9,9
forget,learn,4,4
toss,chuck,8,8
get,bring,7,7
help,please,3,3
slide,slither,7,7
refrain,keep,4,4
beat,fight,7,7
urge,desire,8,8
discourage,disappoint,5,5
soothe,hurt,2,2
fasten,snap,7,7
sink,fall,3,3
give,award,7,7
integrate,mix,7,7
kill,crush,7,7
accuse,prosecute,7,7
spread,gather,3,3
accomplish,overcome,8,8
touch,grab,7,7
grind,bump,3,3
shake,stir,8,8
pick,pluck,8,8
return,come,5,5
lift,push,4,4
squeeze,play,2,2
vanish,disappear,9,9
betray,deceive,8,8
persuade,convince,9,9
give,exchange,7,7
scare,shake,3,3
flip,turn,8,8
snap,crack,7,7
cheat,lose,3,3
see,acknowledge,5,5
return,retreat,5,5
cheat,lie,7,7
pop,snap,5,5
fall,catch,3,3
see,glance,7,7
excuse,rationalize,7,7
decrease,diminish,9,9
deny,object,5,5
freeze,thaw,3,3
conquer,defeat,9,9
discuss,debate,8,8
know,decide,4,4
snooze,nap,9,9
believe,doubt,3,3
walk,stand,5,5
acknowledge,know,7,7
draw,write,7,7
greet,introduce,5,5
overwhelm,overcome,7,7
refuse,deny,7,7
accuse,frame,5,5
croak,die,5,5
wait,call,3,3
play,practice,7,7
ascend,rise,9,9
poise,stand,4,4
hug,kiss,7,7
perceive,hear,5,5
rationalize,talk,3,3
say,repeat,7,7
stop,retain,3,3
run,sweat,3,3
flutter,move,5,5
engage,start,7,7
recommend,advise,9,9
delay,start,3,3
give,pay,7,7
amaze,surprise,8,8
glide,soar,8,8
melt,boil,7,7
spend,buy,7,7
dislike,despise,8,8
break,fix,3,3
give,demand,3,3
polish,rub,7,7
fail,succeed,2,2
conquer,beat,8,8
smother,cover,7,7
die,decay,5,5
assume,think,7,7
go,run,7,7
walk,run,7,7
walk,roam,8,8
wait,stand,4,4
preview,review,7,7
judge,accuse,4,4
understand,acknowledge,5,5
leave,wait,3,3
dance,flash,2,2
desire,want,9,9
convince,believe,7,7
run,move,7,7
humiliate,degrade,9,9
move,unload,4,4
take,abduct,7,7
accuse,lie,4,4
scramble,mix,7,7
multiply,reproduce,7,7
win,fail,2,2
insult,degrade,8,8
excuse,justify,7,7
hate,disgust,7,7
hit,hurt,7,7
succeed,excel,7,7
disappear,disintegrate,5,5
pay,raise,5,5
deny,stop,4,4
stand,sit,5,5
worry,think,4,4
exist,be,9,9
tire,tread,5,5
swim,tread,5,5
lay,sit,7,7
decompose,die,7,7
stay,sit,6,6
get,receive,8,8
urge,convince,7,7
reappear,see,3,3
drain,sink,7,7
deliver,arrive,6,6
think,suppose,8,8
discover,find,8,8
lift,raise,8,8
play,enjoy,7,7
incline,lean,8,8
climb,descend,5,5
smear,smudge,9,9
mix,combine,9,9
advise,talk,5,5
achieve,fail,3,3
obtain,take,7,7
assume,predict,7,7
punch,slap,8,8
attach,combine,7,7
walk,tread,7,7
learn,educate,7,7
pull,grab,8,8
ascend,fall,3,3
defend,attack,3,3
build,restore,5,5
forget,remind,4,4
correct,disprove,4,4
drink,sip,7,7
bound,jump,4,4
stare,watch,7,7
scramble,run,5,5
beat,pelt,7,7
judge,criticize,5,5
save,protect,8,8
run,avoid,3,3
join,belong,5,5
cast,throw,8,8
aid,help,9,9
beware,warn,7,7
tie,fasten,7,7
play,amuse,7,7
tell,renounce,3,3
disallow,allow,8,8
respect,adore,6,6
lick,bite,5,5
save,collect,5,5
announce,inform,8,8
bring,forget,3,3
drink,pour,4,4
steal,kidnap,5,5
strip,tease,2,2
bother,annoy,9,9
take,unload,3,3
alter,rearrange,8,8
vanish,disintegrate,7,7
stink,smell,7,7
yearn,strive,5,5
ask,receive,4,4
wiggle,dance,6,6
carry,deliver,7,7
repair,break,3,3
stop,interrupt,8,8
move,advance,8,8
limp,walk,5,5
disgust,offend,5,5
smother,kiss,4,4
break,escape,5,5
keep,stay,7,7
keep,take,5,5
admire,respect,8,8
slip,fall,7,7
release,press,3,3
participate,join,8,8
know,perceive,7,7
look,glare,7,7
rebel,yell,2,2
wiggle,tickle,4,4
refuse,agree,2,2
spring,fall,7,7
save,accumulate,7,7
count,add,7,7
hurt,betray,5,5
gain,obtain,8,8
produce,make,8,8
decline,advance,3,3
yield,wait,5,5
accumulate,grow,7,7
give,take,5,5
deny,regret,5,5
watch,observe,9,9
gain,achieve,8,8
hurt,slap,4,4
dismiss,release,7,7
perceive,see,8,8
assault,kill,7,7
follow,search,5,5
see,preview,7,7
reply,speak,6,6
suggest,talk,4,4
hate,glare,3,3
finish,graduate,7,7
stay,leave,2,2
calculate,compute,9,9
break,sprain,8,8
start,stop,4,4
broil,fry,8,8
cry,disappoint,3,3
fly,flap,4,4
elect,win,4,4
disappear,reappear,7,7
leave,avoid,5,5
preview,sneak,3,3
hunt,find,7,7
carry,haul,8,8
aim,strive,9,9
crave,desire,9,9
assault,fight,7,7
talk,sing,4,4
demolish,smash,8,8
say,do,4,4
forbid,permit,3,3
stab,kill,7,7
refuse,decline,9,9
disown,leave,4,4
usurp,take,5,5
know,comprehend,9,9
sing,dance,5,5
fight,defend,6,6
deal,barter,8,8
repress,hold,5,5
cough,swallow,4,4
scare,scream,4,4
give,deny,3,3
stop,ban,7,7
stop,refrain,8,8
acquire,ask,4,4
originate,discover,5,5
holler,scream,8,8
fight,argue,7,7
dump,throw,7,7
connect,attach,8,8
rub,pat,7,7
hurt,stab,5,5
allow,admit,6,6
know,define,5,5
choke,kill,7,7
wreck,smash,8,8
correct,prove,5,5
take,get,7,7
earn,make,7,7
bring,take,7,7
snuggle,cuddle,9,9
release,pardon,7,7
fill,pour,7,7
select,pick,9,9
select,choose,9,9
hunt,shoot,7,7
enjoy,hate,2,2
stand,kneel,5,5
judge,decide,7,7
use,abuse,4,4
kiss,embrace,7,7
beat,assault,7,7
bury,die,5,5
overpower,struggle,4,4
ban,forbid,9,9
forget,know,4,4
pinch,bite,5,5
stretch,reach,7,7
conquer,divide,3,3
hear,listen,8,8
drag,haul,7,7
spill,drink,4,4
ignore,neglect,8,8
avoid,neglect,7,7
wrap,foil,3,3
need,want,8,8
give,keep,3,3
imitate,mimic,9,9
prove,convince,7,7
keep,reserve,7,7
carry,lift,7,7
decrease,descend,5,5
write,compose,9,9
show,see,5,5
relax,sit,5,5
create,design,8,8
build,create,8,8
tear,sob,7,7
hurt,criticize,4,4
play,participate,7,7
kill,smash,5,5
do,accomplish,8,8
shake,wag,5,5
spill,splash,7,7
gather,meet,7,7
hold,cuddle,7,7
decrease,reduce,9,9
instruct,direct,8,8
advise,tell,7,7
divide,add,7,7
shine,glare,7,7
glide,float,8,8
rebel,fight,4,4
sit,jump,4,4
evaluate,think,7,7
move,crawl,7,7
comfort,help,5,5
weep,cry,9,9
recommend,help,5,5
speak,whisper,7,7
glow,burn,7,7
annihilate,destroy,9,9
erupt,blow,7,7
say,ask,6,6
ask,want,7,7
touch,rub,7,7
attract,like,7,7
excuse,pardon,9,9
attend,participate,7,7
disintegrate,deteriorate,8,8
hug,embrace,9,9
look,listen,4,4
capture,seize,9,9
complain,argue,6,6
hang,hold,7,7
inquire,ask,9,9
acknowledge,show,4,4
pinch,hurt,5,5
pause,wait,8,8
know,predict,4,4
defeat,overcome,9,9
shake,wiggle,7,7
take,borrow,7,7
trail,lead,5,5
hear,speak,4,4
use,borrow,4,4
vary,change,8,8
analyze,evaluate,8,8
run,roam,7,7
reach,get,7,7
lose,keep,3,3
argue,demand,4,4
crunch,smash,7,7
stir,mix,8,8
reach,grasp,8,8
reject,take,3,3
prefer,choose,8,8
push,tug,7,7
hit,kick,7,7
smear,spread,8,8
crash,demolish,5,5
gain,succeed,7,7
burn,cook,7,7
strive,excel,7,7
destroy,perish,4,4
remain,leave,4,4
tear,sew,3,3
engage,begin,7,7
descend,come,5,5
neglect,forget,6,6
believe,understand,7,7
stay,retain,7,7
become,succeed,4,4
understand,realize,7,7
make,build,8,8
erode,fade,7,7
laugh,chuck,4,4
touch,reach,5,5
cook,grill,7,7
look,watch,7,7
laugh,cry,5,5
yield,give,7,7
take,refuse,2,2
tell,explain,8,8
plead,beg,8,8
want,beg,4,4
participate,say,3,3
allow,permit,9,9
erupt,burst,8,8
capture,escape,3,3
beat,pounce,5,5
broil,boil,7,7
arrive,come,8,8
disown,forget,4,4
seize,stop,5,5
request,want,7,7
rush,hustle,8,8
admire,want,4,4
rescue,help,7,7
cry,worry,4,4
stop,repress,7,7
imagine,think,7,7
control,run,3,3
try,do,8,8
pull,tug,9,9
beat,win,8,8
add,subtract,7,7
overpower,dominate,8,8
swoon,fall,4,4
realize,acknowledge,7,7
beg,steal,4,4
flex,bend,9,9
mistreat,abuse,9,9
toil,sweat,5,5
lose,compete,4,4
see,visit,6,6
decline,fall,7,7
waste,save,2,2
worry,doubt,7,7
leave,stray,4,4
criticize,complain,7,7
show,tell,7,7
understand,know,8,8
attend,miss,3,3
decline,deny,5,5
bound,tie,7,7
avoid,dislike,5,5
climb,hike,7,7
fall,jump,6,6
like,prefer,7,7
laugh,ridicule,5,5
show,direct,5,5
stamp,collect,3,3
recommend,like,5,5
flee,run,8,8
lend,borrow,7,7
criticize,argue,5,5
smother,hug,5,5
obtain,steal,5,5
catch,receive,8,8
stare,glare,8,8
stir,fry,5,5
talk,explain,7,7
perceive,get,4,4
leave,walk,4,4
reappear,repeat,5,5
whip,hit,5,5
leave,release,7,7
rattle,shake,8,8
promise,swear,8,8
look,squint,6,6
drink,swallow,7,7
claim,say,7,7
decide,think,7,7
guess,assume,8,8
catch,hold,7,7
dismiss,leave,7,7
dash,run,7,7
remove,unload,7,7
request,demand,7,7
glide,slide,8,8
sew,mend,8,8
steer,drive,8,8
adjourn,dismiss,7,7
search,find,8,8
pray,ask,7,7
steal,poach,7,7
forget,dismiss,5,5
compose,decompose,3,3
drown,sink,6,6
search,hunt,7,7
finish,solve,7,7
amuse,laugh,7,7
remember,think,7,7
grow,learn,5,5
argue,prove,6,6
design,decorate,6,6
think,calculate,7,7
prohibit,refuse,7,7
retain,save,7,7
catch,throw,5,5
advise,teach,7,7
obtain,hold,4,4
whip,cook,3,3
sing,scream,5,5
dance,swing,5,5
despair,dismay,8,8
swing,hang,5,5
dismiss,push,4,4
hide,appear,2,2
spend,pay,8,8
walk,follow,4,4
change,remain,2,2
discourage,hate,4,4
hamper,hurt,3,3
persuade,beg,5,5
weave,spin,7,7
help,use,4,4
irritate,nag,7,7
restore,replace,5,5
help,concern,4,4
abduct,capture,8,8
crunch,destroy,4,4
stay,attend,7,7
set,prepare,6,6
struggle,hurt,4,4
pinch,grab,7,7
upset,offend,7,7
choose,predict,4,4
move,tend,3,3
strip,drag,3,3
find,disappear,2,2
break,deteriorate,7,7
travel,hike,7,7
yell,complain,5,5
restore,mend,8,8
excel,drive,3,3
live,perish,2,2
reel,pull,5,5
pinch,dash,7,7
offend,annoy,7,7
release,take,4,4
exchange,change,7,7
define,say,4,4
hear,repeat,4,4
scream,squeak,7,7
lower,kneel,3,3
waste,deteriorate,4,4
give,borrow,4,4
compose,originate,7,7
happen,appear,5,5
deliver,save,4,4
incline,suggest,2,2
call,reply,5,5
crunch,crush,7,7
cough,yawn,4,4
recycle,use,5,5
soothe,rub,4,4
punish,obey,3,3
capture,get,7,7
irritate,scratch,4,4
sneak,look,3,3
presume,suppose,9,9
beat,blend,5,5
tan,blush,5,5
examine,study,8,8
add,attach,7,7
punch,strike,8,8
deteriorate,dissolve,5,5
change,convince,3,3
reap,prosper,4,4
spank,whip,7,7
calculate,subtract,7,7
look,inquire,4,4
blame,forgive,3,3
accept,deliver,4,4
strive,survive,4,4
spring,fling,2,2
defend,kill,3,3
fly,cruise,4,4
let,forbid,3,3
breathe,sneeze,4,4
tend,fix,4,4
stop,warn,4,4
drive,veer,5,5
disown,neglect,7,7
explode,erode,3,3
stop,hurt,3,3
snatch,catch,7,7
hope,need,4,4
boil,freeze,4,4
destroy,seek,2,2
develop,begin,5,5
disintegrate,burn,5,5
walk,wiggle,4,4
holler,roar,7,7
teach,know,5,5
catch,obtain,7,7
smell,spoil,3,3
squint,stare,7,7
spell,define,4,4
choose,want,7,7
examine,observe,8,8
object,disagree,0 (not at all similar),0
hate,deceive,3,3
blame,ridicule,4,4
die,slay,7,7
deny,request,3,3
remind,say,4,4
operate,do,7,7
fail,miss,7,7
fold,wrap,7,7
charge,accuse,7,7
cough,sniff,5,5
enrage,upset,7,7
destroy,fix,2,2
annoy,tease,7,7
hate,reject,4,4
cry,punish,2,2
decrease,shrink,8,8
accept,recommend,3,3
flex,relax,5,5
shift,drive,5,5
disperse,sow,5,5
chew,grind,7,7
confuse,help,2,2
fight,abuse,5,5
give,decline,2,2
leave,join,2,2
scare,jump,4,4
blame,push,2,2
hang,fall,5,5
hang,fall,5,5
persuade,argue,7,7
hurt,kill,5,5
capture,chase,7,7
go,command,4,4
scramble,change,3,3
get,conquer,5,5
purchase,acquire,9,9
shove,kick,7,7
roam,search,6,6
evacuate,escape,7,7
embarrass,ridicule,5,5
keep,capture,7,7
treat,pounce,2,2
attach,join,8,8
touch,push,6,6
stop,freeze,7,7
justify,judge,6,6
lead,ask,2,2
taste,swallow,3,3
advance,achieve,5,5
humiliate,ridicule,8,8
ask,recall,3,3
ridicule,hate,4,4
remove,ban,7,7
live,move,4,4
analyze,define,5,5
move,scramble,5,5
confess,talk,4,4
freeze,burn,4,4
hope,rely,4,4
refuse,give,2,2
hang,condemn,4,4
throw,move,4,4
guess,choose,7,7
recycle,waste,4,4
spoil,toil,2,2
advise,warn,7,7
strike,miss,4,4
travel,come,4,4
fly,swim,4,4
cook,stew,7,7
beat,triumph,8,8
scream,scold,5,5
ride,run,5,5
ridicule,bother,3,3
insult,rip,2,2
adjourn,judge,3,3
lift,tow,4,4
have,acquire,8,8
rob,give,2,2
determine,set,6,6
pinch,prick,7,7
grow,increase,8,8
become,seem,5,5
bother,ignore,3,3
go,drive,7,7
bother,frustrate,8,8
aim,hit,5,5
change,stay,2,2
suck,sip,7,7
weave,move,4,4
refrain,repress,7,7
shift,turn,6,6
lay,incline,4,4
describe,say,7,7
try,think,4,4
remain,retain,7,7
wash,wear,3,3
lie,pretend,7,7
suggest,inquire,4,4
sprinkle,dash,7,7
rip,destroy,7,7
direct,help,3,3
speak,suggest,4,4
inform,instruct,7,7
teach,punish,3,3
connect,touch,7,7
go,disperse,5,5
fix,set,5,5
erode,spoil,6,6
wiggle,jerk,6,6
drip,fall,5,5
ache,soothe,3,3
detach,release,8,8
spare,strike,4,4
affect,hurt,5,5
control,barter,2,2
laugh,entertain,5,5
smear,blend,5,5
scream,cry,7,7
result,happen,5,5
snap,crunch,7,7
disappear,shrink,4,4
express,explain,7,7
protect,keep,7,7
pounce,surprise,5,5
be,attend,4,4
prosecute,blame,5,5
acknowledge,respond,7,7
drive,desire,4,4
remove,loosen,5,5
lift,hold,5,5
set,lay,5,5
blame,hurt,4,4
control,capture,4,4
raise,rise,8,8
plead,convince,5,5
beat,mix,7,7
grab,squeeze,7,7
erode,decompose,7,7
beat,spank,8,8
vacate,evacuate,8,8
surprise,guess,4,4
foil,cover,5,5
look,read,5,5
smell,decompose,3,3
hurt,bump,4,4
drip,melt,5,5
leave,appear,3,3
please,entertain,2,2
enter,escape,3,3
overpower,conquer,8,8
overcome,go,3,3
go,sneak,5,5
doze,snore,4,4
squeal,hurt,3,3
persuade,sway,8,8
shoot,yell,3,3
swim,splash,5,5
disappear,erode,4,4
charge,go,3,3
release,drain,4,4
leave,help,3,3
boil,bake,7,7
whistle,call,6,6
stain,bleach,4,4
organize,set,7,7
sing,play,5,5
give,treat,5,5
set,put,7,7
engage,wed,8,8
hold,bear,7,7
deny,excuse,6,6
pretend,suppose,5,5
wear,strain,2,2
protect,fight,6,6
warn,inform,7,7
acquire,find,7,7
swear,lie,5,5
release,loosen,7,7
stay,please,2,2
mimic,talk,4,4
glare,glance,5,5
neglect,reject,4,4
discover,analyze,5,5
portray,pretend,7,7
hatch,escape,3,3
repeat,understand,4,4
vanish,perish,5,5
help,ask,5,5
dislike,admire,2,2
persuade,suggest,7,7
grow,live,5,5
result,affect,4,4
attract,disgust,3,3
push,lean,4,4
disperse,move,5,5
allow,disprove,2,2
grab,obtain,7,7
follow,leave,3,3
toil,tear,2,2
advance,charge,5,5
allow,grant,8,8
find,scramble,2,2
pray,communicate,4,4
kill,mistreat,5,5
leave,float,2,2
acknowledge,notify,5,5
pinch,tickle,5,5
disintegrate,reduce,7,7
conquer,gain,7,7
offend,embarrass,5,5
create,become,4,4
command,control,8,8
search,inquire,7,7
rip,detach,7,7
need,get,4,4
collect,get,7,7
lift,pick,4,4
stop,spin,3,3
hate,insult,4,4
spray,sprinkle,8,8
preview,observe,4,4
fight,conquer,6,6
pop,stretch,2,2
catch,release,3,3
bounce,move,5,5
affect,touch,5,5
stop,walk,4,4
swim,flutter,4,4
retain,forget,2,2
please,like,3,3
kill,conquer,5,5
yell,warn,5,5
hurt,deceive,3,3
crush,demolish,7,7
go,vanish,7,7
destroy,slay,7,7
claim,lie,5,5
become,appear,5,5
talk,testify,5,5
stop,shun,4,4
gather,bring,7,7
go,sell,3,3
ask,talk,6,6
kill,demolish,6,6
vacate,evict,7,7
compose,design,7,7
spray,shoot,6,6
fix,update,6,6
ignore,ask,3,3
join,adjourn,4,4
send,disperse,7,7
testify,lie,3,3
correct,change,3,3
stop,accelerate,2,2
frame,freeze,2,2
crave,yearn,9,9
hitch,tie,7,7
stain,remove,2,2
practice,learn,7,7
like,imitate,7,7
drain,remove,7,7
ride,go,7,7
forget,attend,2,2
gather,take,5,5
sing,whistle,5,5
steer,move,5,5
save,gain,5,5
swing,push,4,4
retreat,move,4,4
shiver,freeze,7,7
fix,demolish,3,3
pretend,assume,7,7
delay,hesitate,7,7
take,lift,4,4
dive,drown,4,4
enter,return,7,7
spill,stain,5,5
get,reap,7,7
direct,go,5,5
accept,want,4,4
soak,stain,4,4
launch,set,4,4
tend,give,4,4
choke,tie,2,2
learn,acquire,8,8
pray,pounce,2,2
achieve,conquer,7,7
do,think,3,3
taste,touch,4,4
invent,produce,7,7
seem,believe,7,7
ask,respond,4,4
buzz,hum,7,7
put,transplant,4,4
descend,retreat,5,5
evacuate,go,4,4
toss,tumble,7,7
go,begin,8,8
breathe,choke,4,4
slap,kick,7,7
overcome,strive,5,5
upset,insult,4,4
collect,obtain,8,8
acknowledge,agree,5,5
blame,admit,4,4
visit,haunt,5,5
adjourn,go,5,5
smell,feel,4,4
rip,tug,7,7
veer,lean,5,5
fall,lay,5,5
perish,burn,4,4
bite,scratch,7,7
punch,stamp,3,3
start,run,5,5
lead,organize,5,5
keep,return,4,4
reach,obtain,7,7
stop,turn,4,4
look,yield,1,1
steal,grab,7,7
leave,meet,3,3
destroy,save,1,1
please,urge,4,4
renounce,degrade,4,4
subtract,multiply,8,8
steal,return,2,2
ignore,refuse,5,5
wake,awake,9,9
develop,invent,7,7
use,reduce,3,3
receive,achieve,4,4
burst,implode,7,7
separate,drift,4,4
sit,dance,3,3
disown,ignore,4,4
delay,hurry,2,2
pick,gather,7,7
weave,make,5,5
lift,evaluate,2,2
move,slither,4,4
awake,snore,2,2
renounce,repress,5,5
drift,fade,5,5
bring,send,7,7
meet,join,7,7
upset,discourage,6,6
worry,despair,7,7
gather,leave,2,2
finish,perish,3,3
need,strive,5,5
forgive,plead,3,3
drench,pour,7,7
perish,prosper,2,2
swim,run,5,5
reap,make,3,3
do,become,4,4
punish,renounce,2,2
lose,earn,3,3
boil,burn,6,6
observe,analyze,7,7
beg,implode,1,1
beat,overpower,8,8
introduce,acknowledge,5,5
offend,disturb,6,6
destroy,invent,2,2
grind,rub,6,6
hurt,humiliate,4,4
leave,skip,6,6
leave,ignore,5,5
hold,pull,5,5
command,instruct,9,9
yell,talk,5,5
flutter,kick,4,4
rinse,flush,7,7
smother,overwhelm,8,8
tow,haul,8,8
have,receive,7,7
tie,weave,4,4
see,travel,3,3
hamper,hold,5,5
inhale,smell,5,5
explain,spell,4,4
know,update,2,2
leave,disregard,7,7
inspect,observe,8,8
make,allow,4,4
deliver,stand,2,2
hug,pat,6,6
plow,hit,2,2
examine,analyze,9,9
reach,hold,5,5
stop,help,3,3
sing,chirp,7,7
believe,feel,5,5
notify,address,4,4
protect,kill,2,2
charge,evict,4,4
forgive,understand,5,5
help,depend,4,4
separate,attach,2,2
throw,use,4,4
calculate,solve,8,8
stay,fade,2,2
renounce,say,3,3
grasp,take,7,7
swing,fall,4,4
triumph,conquer,8,8
notify,announce,8,8
count,evaluate,7,7
take,reap,5,5
forget,overcome,4,4
amuse,amaze,5,5
fail,decline,7,7
know,suggest,3,3
move,remove,5,5
retain,obtain,5,5
show,look,7,7
speak,scream,5,5
refuse,forbid,7,7
seem,pretend,5,5
feel,express,4,4
operate,perform,8,8
degrade,hate,3,3
criticize,remark,5,5
tire,overwhelm,0 (not at all similar),0
visit,talk,4,4
burn,smother,4,4
destroy,deteriorate,7,7
beat,punish,7,7
drift,flow,7,7
attempt,go,5,5
kill,look,1,1
go,ascend,7,7
recruit,take,3,3
veer,avoid,7,7
mimic,look,3,3
squeal,lie,2,2
crash,fall,5,5
tow,take,4,4
elect,reject,3,3
tell,remark,8,8
punch,calculate,1,1
win,struggle,3,3
blame,excuse,4,4
deal,sell,7,7
understand,solve,5,5
allow,refuse,3,3
control,stop,5,5
acquire,steal,7,7
respond,say,7,7
disturb,wake,7,7
grab,tackle,7,7
haunt,remain,4,4
prove,solve,7,7
achieve,earn,7,7
retain,get,4,4
touch,pinch,7,7
bend,shake,4,4
hypnotize,remember,3,3
dismay,surprise,5,5
guess,suspect,8,8
flush,drain,5,5
stain,wash,4,4
supply,deny,3,3
join,marry,7,7
fight,toil,4,4
save,earn,4,4
demand,take,5,5
drink,suck,5,5
wander,lose,4,4
implode,crush,7,7
renounce,dislike,4,4
launch,send,7,7
spin,dance,7,7
tear,split,5,5
create,draw,7,7
tend,leave,4,4
assume,believe,8,8
bump,crash,7,7
scare,laugh,3,3
plead,help,4,4
excel,lead,7,7
confuse,blur,7,7
teach,explain,8,8
take,vacate,3,3
reap,jump,2,2
need,use,5,5
return,arrive,7,7
slurp,swallow,7,7
design,award,3,3
follow,go,7,7
drown,kill,5,5
forget,deny,4,4
help,refuse,2,2
reach,strive,7,7
tread,float,3,3
destroy,hurt,6,6
catch,find,7,7
sell,suggest,3,3
talk,announce,7,7
deposit,slip,2,2
play,set,3,3
renounce,insult,3,3
irritate,rub,4,4
tease,hurt,5,5
perish,starve,7,7
attach,fix,7,7
squeal,jerk,2,2
exist,perish,3,3
flow,go,4,4
leave,shun,7,7
forget,think,4,4
disprove,deny,7,7
engage,meet,5,5
lower,diminish,8,8
tread,move,5,5
learn,retain,5,5
clarify,repeat,4,4
retreat,escape,7,7
urge,recommend,7,7
do,obey,8,8
feel,taste,4,4
graze,roam,6,6
annoy,disgust,5,5
invent,originate,8,8
use,waste,3,3
pardon,grant,6,6
wash,fade,3,3
transplant,change,4,4
mend,repair,9,9
convince,win,4,4
wash,spray,4,4
collect,organize,7,7
hit,crash,7,7
repress,shut,5,5
smash,shatter,9,9
fly,flee,7,7
choose,determine,7,7
receive,accept,8,8
evacuate,remove,7,7
wear,remove,3,3
give,unload,4,4
lie,justify,4,4
shoot,hurt,5,5
squeeze,cuddle,7,7
croak,cough,5,5
stand,rise,7,7
scold,blame,7,7
laugh,hoot,5,5
steal,give,2,2
rub,feel,5,5
enjoy,amuse,6,6
gather,obtain,7,7
hate,adore,2,2
carry,help,4,4
accuse,insult,5,5
frustrate,discourage,8,8
dare,accept,4,4
bumble,fall,3,3
play,fight,4,4
sew,attach,7,7
hold,touch,7,7
fade,disintegrate,7,7
strain,release,3,3
organize,fix,5,5
blend,combine,8,8
hike,hitch,2,2
attract,catch,4,4
taste,try,4,4
wait,sit,4,4
wag,wiggle,8,8
rob,destroy,3,3
accomplish,conquer,7,7
toss,flip,8,8
meet,visit,7,7
reject,condemn,7,7
protect,hide,5,5
shun,disown,8,8
bend,angle,7,7
rebel,obey,2,2
discuss,explain,7,7
mix,dissolve,5,5
burn,crash,3,3
release,obtain,3,3
adjourn,start,2,2
pour,drain,4,4
disperse,collect,3,3
disappear,remove,7,7
avoid,reject,7,7
walk,shuffle,7,7
doubt,know,3,3
strive,want,7,7
defeat,fail,8,8
speak,acknowledge,3,3
get,go,5,5
gather,compose,4,4
sway,swoon,4,4
reel,turn,5,5
inquire,think,5,5
think,recall,5,5
leave,detach,7,7
scream,kick,3,3
aim,look,4,4
listen,concentrate,6,6
like,disgust,2,2
desire,hope,7,7
practice,dance,4,4
drip,spill,7,7
deliver,get,5,5
holler,call,8,8
fly,drive,5,5
fill,dig,3,3
mend,bend,4,4
raise,ascend,8,8
hurt,pluck,2,2
change,renounce,4,4
control,steer,7,7
start,develop,5,5
allow,reject,2,2
dislike,discourage,4,4
believe,think,8,8
accomplish,become,4,4
give,allow,7,7
separate,join,2,2
embarrass,flutter,2,2
select,elect,4,4
write,say,7,7
dismiss,allow,3,3
call,listen,4,4
go,pause,3,3
advise,inform,7,7
sneak,scare,3,3
hear,whisper,4,4
teach,give,4,4
urge,hurry,5,5
reach,achieve,7,7
sweat,relax,2,2
come,join,7,7
fight,hate,4,4
lie,rationalize,4,4
be,do,5,5
lick,dip,4,4
loosen,relax,7,7
flex,lift,4,4
learn,confuse,2,2
perceive,assume,5,5
stop,drive,3,3
seize,catch,8,8
receive,earn,5,5
disperse,release,6,6
put,hang,4,4
repress,forbid,6,6
sway,bend,6,6
scare,cry,4,4
attack,seize,7,7
hold,pause,5,5
fail,triumph,2,2
overcome,beat,8,8
shun,hide,5,5
sell,disown,4,4
bite,fight,4,4
relax,rub,3,3
disintegrate,demolish,8,8
prove,explain,7,7
bite,attack,7,7
enrage,engage,2,2
advise,notify,5,5
scream,hoot,4,4
steal,keep,2,2
attack,engage,5,5
frustrate,disappoint,7,7
help,prepare,5,5
borrow,keep,4,4
disallow,reject,8,8
lose,obtain,3,3
grow,rise,7,7
fail,fall,3,3
create,do,5,5
disperse,gather,2,2
throw,overpower,3,3
disintegrate,erode,8,8
grate,annoy,4,4
run,strive,7,7
believe,agree,7,7
frustrate,overwhelm,7,7
concern,dismay,7,7
claim,accuse,7,7
scratch,pick,5,5
perish,dissolve,5,5
hear,talk,4,4
address,talk,4,4
be,live,5,5
accept,like,5,5
join,add,7,7
associate,know,5,5
hate,annihilate,4,4
predict,determine,7,7
catch,grab,8,8
attempt,do,7,7
dash,walk,4,4
rip,fold,4,4
direct,aim,5,5
refrain,wait,7,7
pick,analyze,4,4
remove,release,7,7
wipe,rub,7,7
beat,strike,9,9
decompose,disintegrate,9,9
die,grow,2,2
find,escape,3,3
search,strip,2,2
hit,throw,5,5
reproduce,recycle,3,3
release,squeeze,3,3
diminish,increase,2,2
examine,see,7,7
throw,aim,5,5
get,buy,7,7
toast,cook,3,3
climb,rise,7,7
search,examine,7,7
return,recycle,3,3
disprove,hate,2,2
rearrange,scramble,7,7
engage,fight,5,5
have,earn,5,5
restore,receive,3,3
depart,fly,7,7
earn,pay,5,5
nag,yell,5,5
get,keep,4,4
condemn,renounce,7,7
slice,chop,8,8
sting,burn,7,7
borrow,dig,2,2
bend,move,5,5
degrade,criticize,7,7
deteriorate,fall,4,4
pull,shove,7,7
whistle,hoot,7,7
suppose,predict,7,7
disown,ban,4,4
drench,quench,4,4
disappear,decompose,3,3
worry,waste,2,2
write,talk,5,5
sue,pay,2,2
laugh,cough,4,4
justify,believe,5,5
kidnap,snatch,8,8
grind,chop,7,7
earn,yearn,4,4
waste,disintegrate,4,4
separate,organize,4,4
upset,overwhelm,5,5
start,create,7,7
create,decorate,5,5
add,build,7,7
protect,hurt,2,2
forgive,excuse,8,8
prosper,fail,2,2
defeat,overwhelm,7,7
find,attract,4,4
think,talk,5,5
cheat,win,4,4
attend,help,5,5
mistreat,hit,5,5
grant,aid,8,8
discourage,beat,3,3
persuade,control,4,4
overcome,try,4,4
boom,hum,3,3
tear,remove,4,4
incline,press,3,3
clarify,help,5,5
determine,try,5,5
rescue,find,5,5
urge,tell,5,5
acknowledge,perceive,5,5
pause,reflect,5,5
overcome,fail,3,3
practice,do,5,5
do,forbid,3,3
surprise,celebrate,4,4
treat,surprise,5,5
earn,respect,4,4
finish,do,5,5
remember,learn,7,7
kill,punish,5,5
call,need,3,3
break,erode,7,7
accept,forgive,7,7
yearn,ache,8,8
understand,evaluate,5,5
touch,hug,7,7
grasp,release,3,3
deny,repress,7,7
hate,damn,3,3
hesitate,go,2,2
break,build,3,3
wear,use,7,7
accept,give,4,4
block,stop,7,7
wander,leave,5,5
keep,hide,5,5
spawn,reproduce,8,8
tow,follow,5,5
replace,add,4,4
accelerate,go,5,5
yell,speak,5,5
dismay,worry,7,7
solve,discover,7,7
give,retain,2,2
reject,leave,5,5
warn,forbid,7,7
connect,combine,7,7
decompose,degrade,7,7
hurt,degrade,4,4
request,reply,4,4
drive,drink,2,2
hate,swear,2,2
attack,capture,7,7
request,beg,7,7
want,claim,3,3
stay,roam,4,4
lose,get,3,3
leave,veer,4,4
steal,usurp,7,7
run,bound,7,7
sit,comfort,4,4
dissolve,fade,7,7
do,command,7,7
search,lose,2,2
whisper,tell,7,7
pluck,duck,1,1
recommend,guess,3,3
produce,stamp,2,2
bound,correct,2,2
blush,obey,1,1
presume,strain,2,2
read,exchange,2,2
sew,convince,0 (not at all similar),0
teach,graduate,3,3
hide,swim,2,2
acquire,tear,1,1
inhale,glide,2,2
leap,struggle,3,3
assume,tumble,1,1
clench,aid,1,1
ask,attempt,4,4
graduate,relax,1,1
appear,command,2,2
drip,adore,0 (not at all similar),0
glide,please,1,1
allow,erode,2,2
confess,aggravate,2,2
miss,cook,1,1
inquire,pull,2,2
scold,kneel,1,1
sow,find,2,2
refuse,flex,2,2
press,compound,2,2
fade,rescue,2,2
perish,sob,2,2
remind,graduate,2,2
educate,pray,2,2
lower,bumble,0 (not at all similar),0
hop,gamble,3,3
remember,gain,2,2
mean,ascend,1,1
drip,urge,2,2
stink,define,1,1
kill,foil,2,2
stumble,freeze,3,3
appear,blush,2,2
carry,guess,1,1
read,bite,2,2
gamble,hug,1,1
gain,operate,2,2
breathe,slice,1,1
weave,guess,1,1
shrink,snore,1,1
hang,complain,2,2
yield,aid,3,3
wipe,lead,1,1
accumulate,toss,2,2
evaluate,sway,2,2
despise,charge,1,1
bake,understand,0 (not at all similar),0
beg,spread,1,1
tie,scratch,1,1
lend,sting,1,1
hope,design,2,2
amaze,separate,1,1
suspect,turn,1,1
speak,deny,3,3
fling,diminish,2,2
shut,find,2,2
drift,slurp,2,2
marry,adjourn,1,1
convince,slither,0 (not at all similar),0
smoke,forgive,0 (not at all similar),0
fly,cuddle,1,1
drench,reduce,2,2
admire,hop,1,1
shoot,inspect,2,2
prohibit,hide,3,3
bleach,acknowledge,0 (not at all similar),0
discourage,finish,3,3
collect,please,1,1
move,humiliate,1,1
prohibit,glare,1,1
update,tear,1,1
drink,raise,1,1
swoon,reply,1,1
drive,breed,2,2
print,ignore,1,1
polish,inform,1,1
attend,argue,3,3
mix,buy,2,2
flush,suppose,0 (not at all similar),0
visit,giggle,1,1
guess,prepare,2,2
aid,announce,2,2
wrap,swap,2,2
buzz,sew,1,1
cry,cheat,2,2
pinch,drive,2,2
skip,dislike,2,2
mow,dare,0 (not at all similar),0
explain,mow,0 (not at all similar),0
obey,permit,3,3
enter,kick,2,2
demand,suck,1,1
replace,explain,3,3
lounge,freeze,1,1
inhale,feed,3,3
crunch,permit,0 (not at all similar),0
disappear,earn,1,1
say,poise,1,1
deteriorate,wipe,2,2
prick,splash,2,2
spray,attempt,1,1
fold,request,1,1
release,diminish,3,3
haunt,define,2,2
clarify,worry,2,2
defeat,trim,2,2
wander,change,3,3
rebel,seek,2,2
avoid,spray,1,1
correct,disintegrate,0 (not at all similar),0
disbelieve,travel,1,1
boom,obtain,2,2
listen,seek,3,3
refuse,slide,1,1
foil,strain,2,2
fold,inform,1,1
print,rip,2,2
hear,pretend,2,2
embrace,make,3,3
announce,crush,1,1
educate,barter,1,1
fit,integrate,5,5
enjoy,start,2,2
squeeze,dash,2,2
lead,confuse,2,2
fail,rely,3,3
nag,roam,2,2
smell,remove,1,1
upset,deteriorate,3,3
set,swim,2,2
attack,disgust,2,2
return,clarify,2,2
depend,forbid,2,2
throw,adjourn,2,2
chase,giggle,2,2
taste,rearrange,0 (not at all similar),0
integrate,erode,2,2
roam,draw,2,2
awake,kneel,1,1
develop,search,3,3
erupt,write,1,1
grasp,deposit,2,2
despise,prove,1,1
calculate,sneak,0 (not at all similar),0
offend,loosen,1,1
solve,lend,2,2
flip,scribble,2,2
swallow,rip,2,2
guess,jump,2,2
excel,loosen,0 (not at all similar),0
tap,abduct,0 (not at all similar),0
dare,acknowledge,2,2
interrupt,push,4,4
choke,succeed,2,2
cook,lose,1,1
wait,decay,2,2
squeak,guess,0 (not at all similar),0
tie,become,1,1
dare,reap,2,2
laugh,try,2,2
survive,heal,6,6
appear,evacuate,1,1
annihilate,flee,2,2
recruit,stretch,1,1
recall,wake,2,2
admit,chew,1,1
notify,pluck,0 (not at all similar),0
compete,triumph,5,5
bend,decide,2,2
erode,doubt,2,2
blur,rush,4,4
survive,flush,0 (not at all similar),0
dissolve,adore,1,1
attend,lift,2,2
realize,inquire,3,3
hope,drive,3,3
travel,determine,2,2
angle,toss,2,2
wait,disprove,1,1
dip,want,1,1
hop,knit,1,1
integrate,gather,5,5
reserve,reel,2,2
gain,croak,1,1
lower,walk,1,1
walk,refuse,0 (not at all similar),0
dip,teach,2,2
humiliate,comfort,1,1
hesitate,announce,3,3
pour,awake,0 (not at all similar),0
hug,discuss,2,2
kill,splash,1,1
perspire,enter,0 (not at all similar),0
drown,survive,2,2
kneel,flow,1,1
sprinkle,obtain,1,1
swear,foil,1,1
allow,blend,1,1
grill,leap,1,1
create,dive,1,1
damn,imitate,0 (not at all similar),0
attempt,yawn,1,1
understand,burst,1,1
break,reply,2,2
look,heal,2,2
sing,float,2,2
shove,scribble,2,2
suppose,degrade,0 (not at all similar),0
correct,acknowledge,3,3
determine,deny,3,3
forbid,drown,2,2
flee,aim,2,2
discover,pay,2,2
shake,collect,2,2
salute,perform,4,4
bound,pick,2,2
vomit,discover,0 (not at all similar),0
worry,integrate,0 (not at all similar),0
save,imitate,2,2
launch,deposit,2,2
bake,produce,3,3
release,triumph,3,3
enjoy,wait,2,2
regret,fold,0 (not at all similar),0
integrate,drown,1,1
disallow,bend,1,1
shove,leap,4,4
lounge,reprimand,1,1
finish,bless,2,2
examine,reject,3,3
please,know,2,2
deteriorate,delay,3,3
stay,flee,2,2
complain,disown,2,2
judge,comprehend,3,3
portray,reap,2,2
separate,snatch,1,1
flow,explain,2,2
engage,supply,3,3
cruise,overflow,2,2
shut,vomit,1,1
promise,choose,3,3
scratch,repair,4,4
yearn,hike,2,2
hurt,salute,1,1
blame,travel,1,1
comprehend,remain,1,1
despise,taste,2,2
live,lend,2,2
freeze,embarrass,2,2
snooze,happen,2,2
slip,kiss,2,2
snuggle,knock,1,1
dislike,intoxicate,1,1
reap,recycle,3,3
stare,bother,3,3
repeat,slap,1,1
scribble,prick,2,2
belong,intoxicate,0 (not at all similar),0
discourage,overflow,1,1
haul,stab,2,2
separate,teach,1,1
snatch,stop,3,3
inquire,renounce,2,2
agree,overflow,0 (not at all similar),0
ride,smash,2,2
repress,search,2,2
mistreat,hold,2,2
connect,talk,5,5
purchase,wait,2,2
push,adjourn,2,2
sew,crave,0 (not at all similar),0
develop,sue,1,1
speak,tote,1,1
supply,hold,3,3
hesitate,rebel,2,2
overwhelm,restore,2,2
mistreat,scramble,1,1
practice,debate,3,3
look,assault,1,1
doze,throw,2,2
mean,join,1,1
grasp,spray,2,2
weep,notify,1,1
calculate,concentrate,3,3
operate,entertain,3,3
unite,guess,1,1
update,pick,2,2
travel,perform,2,2
catch,frustrate,3,3
assault,enrage,3,3
deposit,prosecute,1,1
decide,remove,3,3
irritate,guess,1,1
integrate,wiggle,1,1
happen,hide,2,2
overcome,keep,3,3
evacuate,determine,2,2
attract,bite,2,2
forbid,pull,2,2
magnify,drip,1,1
comprehend,testify,2,2
return,ridicule,1,1
overflow,kiss,0 (not at all similar),0
bite,ask,1,1
observe,vanish,1,1
review,agree,3,3
mix,learn,2,2
drink,realize,0 (not at all similar),0
criticize,slice,1,1
hug,dismay,1,1
discover,count,2,2
have,own,8,8
own,possess,9,9
have,possess,9,9
possess,decorate,2,2
register,verify,5,5
verify,certify,8,8
imitate,impersonate,8,8
capture,imitate,3,3
invite,encourage,6,6
encourage,boost,7,7
promote,advance,8,8
invite,travel,2,2
misspend,pass,3,3
pass,serve,3,3
pass,misspend,3,3
serve,sing,2,2
apply,use,7,7
exploit,use,8,8
apply,exploit,3,3
return,apply,3,3
avoid,invalidate,4,4
nullify,avoid,6,6
invalidate,nullify,9,9
avoid,demolish,3,3
engage,involve,8,8
involve,include,8,8
include,engage,4,4
involve,speak,3,3
spawn,pup,4,4
spawn,litter,5,5
pup,litter,4,4
spawn,exploit,2,2
overcome,exceed,7,7
overcome,surpass,7,7
surpass,outnumber,4,4
exceed,whisper,1,1
count,matter,3,3
count,drive,2,2
assume,adopt,5,5
adopt,wash,2,2
gamble,bet,9,9
gamble,risk,8,8
bet,risk,8,8
bet,hug,1,1
yield,submit,8,8
submit,bow,4,4
yield,capitulate,8,8
bow,erupt,1,1
incline,dispose,4,4
dispose,bias,2,2
bias,incline,4,4
dispose,build,3,3
tackle,handle,7,7
face,approach,2,2
handle,approach,5,5
approach,promise,3,3
secure,insure,5,5
insure,ensure,7,7
ensure,secure,7,7
secure,survive,4,4
release,discharge,8,8
release,acquit,7,7
discharge,free,5,5
discharge,roam,2,2
retire,retreat,5,5
retire,withdraw,8,8
withdraw,retreat,8,8
retire,fail,3,3
deal,cope,5,5
cope,manage,8,8
deal,manage,5,5
manage,slide,1,1
care,worry,8,8
care,mind,4,4
mind,worry,4,4
care,remain,2,2
bargain,settle,5,5
settle,concur,4,4
bargain,concur,1,1
settle,testify,3,3
attempt,intend,6,6
intend,try,7,7
intend,remind,3,3
commit,dedicate,7,7
commit,devote,8,8
devote,dedicate,9,9
commit,explode,2,2
reduce,restrict,7,7
restrict,limit,9,9
limit,reduce,7,7
restrict,dance,1,1
work,participate,5,5
work,collaborate,7,7
cooperate,collaborate,9,9
work,disappear,1,1
refrain,abstain,8,8
abstain,forbear,9,9
refrain,forbear,9,9
abstain,fade,2,2
allow,approve,8,8
permit,approve,8,8
approve,change,3,3
control,enforce,5,5
control,impose,4,4
enforce,impose,8,8
impose,cheat,2,2
rebel,protest,6,6
collaborate,conspire,7,7
conspire,protest,4,4
protest,release,3,3
