word,AoA,Arousal,Concreteness,Dominance,Familiarity,Gender,Imageability,Size,Valence
Apple (brand),8.0,5.0,3.0,5.0,7.0,4.0,5.0,6.0,7.0
address (postal),6.0,2.0,5.0,3.0,6.0,4.0,4.0,3.0,5.0
address (speak to),7.0,5.0,3.0,4.0,5.0,4.0,4.0,4.0,5.0
aim (objective),6.0,4.0,2.0,4.0,6.0,4.0,4.0,4.0,5.0
aim (target),6.0,5.0,5.0,4.0,6.0,4.0,6.0,4.0,5.0
apple (fruit),2.0,3.0,7.0,4.0,7.0,4.0,7.0,3.0,7.0
arm (limb),2.0,3.0,7.0,4.0,7.0,4.0,7.0,4.0,5.0
arm (weapon),8.0,7.0,6.0,5.0,5.0,5.0,6.0,4.0,3.0
arms (limbs),2.0,3.0,7.0,4.0,6.0,4.0,7.0,3.0,5.0
arms (weapons),6.0,7.0,6.0,5.0,6.0,5.0,6.0,5.0,3.0
ass (donkey),6.0,3.0,7.0,3.0,5.0,4.0,6.0,4.0,5.0
ass (insult),8.0,6.0,4.0,4.0,6.0,5.0,4.0,3.0,2.0
ball (dance),4.0,5.0,5.0,4.0,5.0,4.0,6.0,4.0,7.0
ball (sphere),2.0,3.0,7.0,4.0,7.0,4.0,7.0,4.0,5.0
band (music),6.0,6.0,5.0,4.0,6.0,4.0,6.0,4.0,7.0
band (ribbon),4.0,3.0,6.0,3.0,5.0,3.0,6.0,3.0,5.0
bank (money),6.0,4.0,5.0,5.0,7.0,4.0,6.0,5.0,5.0
bank (rely),8.0,4.0,2.0,4.0,5.0,4.0,3.0,4.0,7.0
bank (river),6.0,3.0,6.0,4.0,5.0,4.0,6.0,5.0,5.0
banks (money),6.0,4.0,5.0,5.0,6.0,4.0,6.0,5.0,5.0
banks (river),6.0,3.0,6.0,4.0,5.0,4.0,6.0,5.0,5.0
bar (legal),10.0,4.0,4.0,5.0,5.0,4.0,5.0,4.0,5.0
bar (metal),6.0,3.0,6.0,4.0,5.0,4.0,6.0,4.0,5.0
bar (musical),8.0,4.0,4.0,4.0,5.0,4.0,5.0,3.0,5.0
bar (pub),10.0,5.0,6.0,4.0,6.0,4.0,6.0,4.0,5.0
barge (boat),6.0,3.0,7.0,4.0,5.0,4.0,6.0,6.0,5.0
barge (push),7.0,4.0,6.0,5.0,5.0,4.0,6.0,5.0,5.0
bark (dog),2.0,5.0,5.0,4.0,7.0,4.0,6.0,4.0,5.0
bark (tree),4.0,2.0,6.0,4.0,5.0,4.0,6.0,4.0,5.0
bass (fish),6.0,3.0,7.0,3.0,5.0,4.0,6.0,4.0,5.0
bass (guitar),8.0,5.0,6.0,4.0,6.0,4.0,6.0,4.0,5.0
bat (animal),4.0,4.0,7.0,3.0,6.0,4.0,6.0,3.0,5.0
bat (club),4.0,4.0,6.0,4.0,6.0,5.0,6.0,3.0,5.0
beat (hit),4.0,7.0,6.0,5.0,6.0,5.0,6.0,4.0,2.0
beat (mix),4.0,4.0,5.0,4.0,5.0,4.0,5.0,4.0,5.0
beat (rhythm),4.0,5.0,4.0,4.0,6.0,4.0,5.0,4.0,5.0
bit (bite),4.0,5.0,6.0,3.0,6.0,4.0,6.0,2.0,4.0
bit (horse bridal),8.0,4.0,6.0,3.0,4.0,4.0,5.0,3.0,5.0
bit (small amount),4.0,2.0,4.0,3.0,6.0,4.0,4.0,2.0,5.0
blow (hit),4.0,7.0,6.0,5.0,5.0,6.0,6.0,4.0,3.0
blow (wind),4.0,4.0,5.0,4.0,6.0,4.0,6.0,4.0,5.0
blubber (cry),6.0,4.0,4.0,2.0,5.0,3.0,5.0,3.0,3.0
blubber (fat),6.0,3.0,6.0,2.0,5.0,4.0,6.0,4.0,3.0
board (enter),4.0,2.0,6.0,4.0,6.0,4.0,6.0,4.0,5.0
board (executive),10.0,3.0,2.0,6.0,6.0,5.0,3.0,4.0,5.0
board (wooden),4.0,2.0,6.0,4.0,6.0,4.0,6.0,4.0,5.0
bonds (money),10.0,3.0,4.0,5.0,5.0,4.0,4.0,4.0,7.0
bonds (restraints),10.0,6.0,5.0,2.0,5.0,4.0,6.0,4.0,3.0
book (read),4.0,3.0,6.0,4.0,7.0,4.0,6.0,3.0,5.0
book (reserve),4.0,3.0,3.0,4.0,5.0,4.0,5.0,4.0,5.0
boot (car),8.0,3.0,6.0,4.0,5.0,4.0,6.0,3.0,5.0
boot (evict),10.0,5.0,4.0,5.0,5.0,4.0,5.0,3.0,3.0
boot (shoe),4.0,3.0,6.0,4.0,7.0,4.0,6.0,4.0,5.0
bow (bend),4.0,3.0,5.0,3.0,5.0,4.0,6.0,3.0,5.0
bow (ribbon),4.0,3.0,6.0,3.0,6.0,2.0,6.0,2.0,7.0
bow (ship),10.0,3.0,6.0,4.0,4.0,4.0,6.0,6.0,5.0
bow (weapon),8.0,6.0,6.0,5.0,5.0,5.0,6.0,4.0,5.0
box (container),2.0,2.0,7.0,4.0,7.0,4.0,7.0,4.0,5.0
box (sport),8.0,7.0,5.0,5.0,5.0,6.0,5.0,4.0,5.0
boxer (dog),6.0,5.0,7.0,4.0,5.0,4.0,6.0,5.0,5.0
boxer (fighter),8.0,7.0,6.0,6.0,6.0,6.0,6.0,5.0,5.0
break (destroy),4.0,7.0,5.0,5.0,6.0,5.0,6.0,4.0,2.0
break (luck),6.0,5.0,3.0,4.0,5.0,4.0,4.0,4.0,7.0
break (rest),4.0,2.0,3.0,4.0,6.0,4.0,5.0,4.0,7.0
bridal (horse),8.0,3.0,4.0,4.0,3.0,4.0,5.0,4.0,5.0
bridal (marriage),8.0,5.0,3.0,4.0,6.0,2.0,6.0,4.0,7.0
bridge (card game),8.0,3.0,2.0,4.0,5.0,4.0,3.0,4.0,5.0
bridge (structure),4.0,3.0,7.0,4.0,6.0,4.0,6.0,6.0,5.0
bright (light),2.0,5.0,5.0,4.0,6.0,4.0,6.0,4.0,7.0
bright (smart),4.0,5.0,2.0,5.0,6.0,4.0,4.0,4.0,8.0
brilliant (great),7.0,7.0,2.0,6.0,6.0,4.0,5.0,5.0,8.0
brilliant (intelligent),7.0,6.0,2.0,6.0,6.0,4.0,3.0,4.0,8.0
brilliant (luminous),6.0,7.0,4.0,5.0,5.0,4.0,5.0,4.0,7.0
bulb (light),4.0,3.0,6.0,3.0,6.0,4.0,6.0,3.0,5.0
bulb (plant),6.0,3.0,6.0,3.0,5.0,4.0,6.0,3.0,5.0
bunk (bed),6.0,3.0,6.0,4.0,5.0,4.0,6.0,3.0,5.0
bunk (truant),10.0,4.0,5.0,3.0,5.0,4.0,5.0,3.0,3.0
bust (break),7.0,6.0,6.0,4.0,5.0,4.0,6.0,3.0,3.0
bust (breasts),10.0,5.0,6.0,3.0,5.0,1.0,6.0,4.0,5.0
bust (sculpture),10.0,3.0,6.0,4.0,5.0,4.0,6.0,4.0,5.0
cabinet (closet),5.0,2.0,7.0,4.0,6.0,4.0,6.0,5.0,5.0
cabinet (council),8.0,4.0,3.0,5.0,5.0,4.0,4.0,4.0,5.0
calf (cow),4.0,3.0,7.0,3.0,6.0,4.0,6.0,3.0,5.0
calf (muscle),6.0,3.0,6.0,4.0,5.0,4.0,6.0,4.0,5.0
call (shout),4.0,5.0,4.0,4.0,6.0,4.0,5.0,3.0,5.0
call (telephone),4.0,4.0,4.0,4.0,7.0,4.0,5.0,4.0,5.0
call (visit),4.0,4.0,4.0,4.0,5.0,4.0,5.0,4.0,5.0
camp (effeminate),6.0,4.0,3.0,4.0,5.0,2.0,4.0,4.0,5.0
camp (tents),6.0,3.0,6.0,4.0,6.0,4.0,6.0,3.0,5.0
cane (beat),8.0,7.0,6.0,4.0,5.0,5.0,6.0,3.0,2.0
cane (stick),6.0,2.0,6.0,4.0,5.0,4.0,6.0,3.0,5.0
cane (sugar),6.0,3.0,5.0,4.0,5.0,4.0,5.0,3.0,5.0
cap (hat),4.0,2.0,7.0,4.0,6.0,4.0,6.0,3.0,5.0
cap (limit),8.0,3.0,4.0,4.0,5.0,4.0,4.0,3.0,5.0
case (container),4.0,2.0,6.0,4.0,5.0,4.0,6.0,4.0,5.0
case (instance),8.0,3.0,4.0,4.0,5.0,4.0,4.0,4.0,5.0
case (legal),10.0,5.0,3.0,4.0,5.0,4.0,4.0,4.0,5.0
cast (actors),8.0,5.0,4.0,4.0,6.0,4.0,5.0,4.0,5.0
cast (plaster bandage),7.0,3.0,6.0,4.0,5.0,4.0,6.0,3.0,5.0
cast (throw),6.0,4.0,5.0,4.0,5.0,4.0,6.0,4.0,5.0
catch (a ball),4.0,5.0,6.0,4.0,6.0,4.0,6.0,4.0,5.0
catch (drawback),6.0,3.0,3.0,3.0,5.0,4.0,4.0,3.0,3.0
catch (restraint),4.0,5.0,4.0,3.0,5.0,4.0,5.0,4.0,4.0
catch (romantic),10.0,5.0,2.0,4.0,4.0,4.0,4.0,4.0,7.0
cell (biological),8.0,4.0,6.0,4.0,6.0,4.0,5.0,2.0,5.0
cell (jail),8.0,5.0,6.0,2.0,5.0,4.0,6.0,4.0,2.0
chair (head),4.0,4.0,4.0,5.0,5.0,4.0,5.0,3.0,5.0
chair (seat),2.0,2.0,7.0,4.0,7.0,4.0,7.0,3.0,5.0
change (coins),6.0,3.0,7.0,3.0,6.0,4.0,6.0,2.0,5.0
change (transform),6.0,5.0,3.0,4.0,6.0,4.0,5.0,4.0,5.0
charge (card),8.0,5.0,4.0,5.0,6.0,4.0,5.0,4.0,5.0
charge (dependent),8.0,6.0,4.0,2.0,5.0,4.0,4.0,4.0,4.0
charge (electric),8.0,7.0,5.0,5.0,6.0,4.0,5.0,4.0,5.0
charge (price),7.0,3.0,4.0,4.0,6.0,4.0,3.0,4.0,3.0
charge (rush),6.0,7.0,5.0,6.0,5.0,5.0,5.0,4.0,5.0
charm (lucky),8.0,4.0,3.0,4.0,5.0,4.0,5.0,3.0,8.0
charm (social allure),8.0,5.0,2.0,5.0,5.0,4.0,4.0,4.0,8.0
cheer (happiness),4.0,7.0,2.0,5.0,6.0,4.0,5.0,4.0,8.0
cheer (support),5.0,7.0,3.0,5.0,6.0,4.0,5.0,4.0,8.0
chemistry (rapport),10.0,6.0,3.0,4.0,5.0,4.0,5.0,4.0,7.0
chemistry (science),10.0,5.0,3.0,4.0,6.0,4.0,4.0,5.0,5.0
chest (cabinet),4.0,3.0,6.0,4.0,5.0,4.0,6.0,5.0,5.0
chest (torso),4.0,3.0,6.0,4.0,6.0,4.0,6.0,4.0,5.0
class (school),4.0,4.0,4.0,4.0,7.0,4.0,5.0,4.0,5.0
class (status),8.0,4.0,2.0,5.0,6.0,4.0,3.0,4.0,5.0
cleaner (maid),6.0,3.0,6.0,3.0,6.0,4.0,6.0,4.0,5.0
cleaner (more clean),4.0,3.0,4.0,4.0,6.0,4.0,5.0,4.0,7.0
close (near),2.0,3.0,4.0,4.0,7.0,4.0,5.0,3.0,5.0
close (stairwell),4.0,3.0,5.0,4.0,4.0,4.0,5.0,4.0,5.0
cloud (sky),4.0,3.0,6.0,4.0,7.0,4.0,7.0,6.0,5.0
cloud (spoil),6.0,5.0,5.0,3.0,5.0,4.0,5.0,3.0,4.0
club (card suit),7.0,3.0,4.0,4.0,6.0,4.0,6.0,3.0,5.0
club (disco),10.0,7.0,6.0,4.0,6.0,4.0,6.0,4.0,6.0
club (hit),6.0,7.0,6.0,5.0,5.0,5.0,6.0,4.0,3.0
club (organisation),7.0,4.0,2.0,5.0,6.0,4.0,4.0,4.0,6.0
club (tool),6.0,5.0,6.0,5.0,5.0,5.0,6.0,4.0,5.0
clutch (bag),8.0,3.0,6.0,4.0,5.0,2.0,6.0,3.0,5.0
clutch (car),10.0,4.0,6.0,4.0,5.0,5.0,5.0,4.0,5.0
clutch (grab),5.0,5.0,5.0,4.0,5.0,4.0,6.0,4.0,5.0
coach (bus),6.0,3.0,6.0,4.0,6.0,4.0,6.0,6.0,5.0
coach (trainer),8.0,5.0,5.0,5.0,6.0,4.0,6.0,4.0,7.0
coast (beach),4.0,4.0,7.0,4.0,6.0,4.0,6.0,5.0,7.0
coast (glide),6.0,4.0,5.0,4.0,5.0,4.0,5.0,4.0,5.0
coat (cover),4.0,3.0,5.0,4.0,6.0,4.0,6.0,4.0,5.0
coat (jacket),4.0,3.0,7.0,4.0,7.0,4.0,6.0,4.0,5.0
cock (bird),6.0,4.0,7.0,3.0,5.0,5.0,6.0,3.0,5.0
cock (dick),10.0,7.0,5.0,4.0,5.0,6.0,6.0,4.0,3.0
cock (tilt),8.0,3.0,5.0,4.0,4.0,4.0,5.0,3.0,5.0
coke (coal),8.0,3.0,6.0,4.0,5.0,4.0,6.0,3.0,5.0
coke (cocaine),10.0,7.0,6.0,4.0,5.0,4.0,6.0,3.0,2.0
coke (cola),4.0,5.0,6.0,4.0,7.0,4.0,6.0,4.0,5.0
cold (illness),4.0,4.0,5.0,2.0,6.0,4.0,5.0,3.0,2.0
cold (temperature),2.0,3.0,4.0,4.0,7.0,4.0,5.0,4.0,4.0
complex (behaviour),10.0,5.0,2.0,4.0,5.0,4.0,3.0,4.0,5.0
complex (buildings),8.0,4.0,6.0,4.0,5.0,4.0,6.0,6.0,5.0
complex (difficult),8.0,5.0,2.0,4.0,5.0,4.0,2.0,4.0,3.0
content (contents),6.0,3.0,5.0,4.0,5.0,4.0,5.0,4.0,5.0
content (happy),4.0,4.0,2.0,5.0,6.0,4.0,5.0,4.0,8.0
contract (agreement),10.0,3.0,2.0,4.0,6.0,4.0,3.0,4.0,6.0
contract (catch),8.0,5.0,4.0,4.0,5.0,4.0,4.0,4.0,4.0
cool (popular),6.0,5.0,2.0,5.0,6.0,4.0,5.0,4.0,8.0
cool (temperature),4.0,3.0,6.0,4.0,6.0,4.0,5.0,4.0,5.0
corn (foot),6.0,3.0,5.0,3.0,5.0,4.0,5.0,3.0,3.0
corn (maize),4.0,3.0,7.0,4.0,6.0,4.0,7.0,4.0,5.0
corner (edge),4.0,2.0,6.0,4.0,6.0,4.0,6.0,3.0,5.0
corner (surround),4.0,3.0,6.0,3.0,5.0,4.0,6.0,3.0,5.0
couch (express),8.0,3.0,1.0,4.0,4.0,4.0,4.0,4.0,5.0
couch (sofa),4.0,2.0,7.0,4.0,6.0,4.0,7.0,5.0,5.0
count (numbers),4.0,3.0,6.0,4.0,6.0,4.0,6.0,4.0,5.0
count (title),4.0,4.0,6.0,4.0,5.0,4.0,5.0,4.0,5.0
counter (keeping account),7.0,3.0,4.0,4.0,5.0,4.0,5.0,4.0,5.0
counter (oppose),10.0,6.0,4.0,5.0,5.0,4.0,4.0,4.0,4.0
counter (worktop),6.0,3.0,6.0,4.0,5.0,4.0,6.0,4.0,5.0
couple (a few),4.0,3.0,3.0,4.0,6.0,4.0,5.0,2.0,5.0
couple (romantic pair),6.0,5.0,4.0,4.0,6.0,4.0,6.0,3.0,7.0
course (class),8.0,3.0,3.0,4.0,6.0,4.0,3.0,4.0,5.0
course (path),6.0,3.0,5.0,4.0,5.0,4.0,6.0,4.0,5.0
court (law),8.0,5.0,4.0,5.0,6.0,4.0,5.0,4.0,5.0
court (sport),6.0,6.0,6.0,4.0,6.0,4.0,6.0,4.0,5.0
court (woo),10.0,5.0,3.0,4.0,5.0,4.0,4.0,4.0,5.0
cowboy (reckless),6.0,7.0,4.0,5.0,5.0,6.0,6.0,4.0,5.0
cowboy (wild west),6.0,6.0,6.0,6.0,6.0,6.0,6.0,4.0,5.0
crab (cranky person),8.0,4.0,3.0,3.0,4.0,4.0,5.0,3.0,3.0
crab (shellfish),5.0,3.0,7.0,3.0,6.0,4.0,6.0,3.0,5.0
craft (skill),8.0,4.0,3.0,5.0,5.0,4.0,4.0,4.0,7.0
craft (vessel),10.0,4.0,6.0,4.0,5.0,4.0,6.0,5.0,5.0
crank (grouch),8.0,4.0,2.0,4.0,5.0,4.0,4.0,3.0,3.0
crank (winch),8.0,3.0,6.0,5.0,5.0,4.0,6.0,4.0,5.0
credit (money),10.0,5.0,4.0,5.0,6.0,4.0,4.0,5.0,7.0
credit (praise),10.0,5.0,4.0,5.0,6.0,4.0,4.0,4.0,8.0
cricket (insect),6.0,3.0,7.0,3.0,5.0,4.0,6.0,2.0,5.0
cricket (sport),6.0,5.0,5.0,4.0,6.0,5.0,6.0,4.0,5.0
crisp (chip),4.0,3.0,6.0,4.0,6.0,4.0,6.0,2.0,7.0
crisp (sharp),6.0,4.0,5.0,4.0,5.0,4.0,6.0,4.0,5.0
crook (criminal),8.0,6.0,4.0,3.0,5.0,4.0,6.0,4.0,2.0
crook (stick),8.0,2.0,6.0,4.0,4.0,4.0,6.0,3.0,5.0
cross (an object),4.0,4.0,6.0,4.0,6.0,4.0,6.0,3.0,5.0
cross (annoyed),6.0,7.0,2.0,4.0,5.0,4.0,5.0,4.0,3.0
cross (offend),8.0,6.0,3.0,4.0,5.0,4.0,5.0,4.0,3.0
cross (pass),4.0,4.0,5.0,4.0,6.0,4.0,5.0,4.0,5.0
cry (shout),2.0,7.0,4.0,3.0,6.0,3.0,6.0,3.0,4.0
cry (weep),2.0,7.0,4.0,2.0,6.0,4.0,6.0,3.0,3.0
cues (prompts),7.0,4.0,4.0,4.0,5.0,4.0,5.0,4.0,5.0
cues (snooker),10.0,3.0,6.0,4.0,4.0,4.0,6.0,3.0,5.0
cut (clip),4.0,5.0,6.0,4.0,6.0,4.0,6.0,3.0,5.0
cut (of meat),6.0,3.0,6.0,4.0,5.0,4.0,6.0,4.0,5.0
cut (share),4.0,4.0,4.0,4.0,5.0,4.0,5.0,3.0,5.0
cut (wound),4.0,7.0,6.0,4.0,6.0,4.0,6.0,3.0,2.0
date (calendar),6.0,2.0,4.0,4.0,6.0,4.0,6.0,3.0,5.0
date (fruit),8.0,3.0,7.0,4.0,5.0,4.0,6.0,2.0,5.0
date (romantic),10.0,6.0,3.0,4.0,6.0,4.0,5.0,4.0,7.0
deal (bargain),8.0,5.0,4.0,5.0,6.0,4.0,4.0,4.0,7.0
deal (playing cards),6.0,4.0,5.0,4.0,6.0,4.0,6.0,3.0,5.0
deal (with),8.0,5.0,3.0,4.0,6.0,4.0,4.0,4.0,5.0
deck (cards),6.0,4.0,6.0,4.0,6.0,4.0,6.0,3.0,5.0
deck (ship),8.0,4.0,6.0,5.0,5.0,4.0,6.0,6.0,5.0
digit (finger),2.0,3.0,6.0,4.0,5.0,4.0,6.0,2.0,5.0
digit (number),4.0,3.0,4.0,4.0,6.0,4.0,5.0,3.0,5.0
digits (fingers),2.0,3.0,6.0,4.0,6.0,4.0,6.0,3.0,5.0
digits (numbers),3.0,3.0,4.0,4.0,7.0,4.0,5.0,4.0,5.0
dock (deduct),10.0,4.0,4.0,4.0,5.0,4.0,4.0,4.0,3.0
dock (ship),6.0,4.0,6.0,4.0,5.0,4.0,6.0,6.0,5.0
dope (drugs),10.0,7.0,6.0,3.0,6.0,4.0,6.0,4.0,2.0
dope (idiot),10.0,4.0,4.0,2.0,5.0,4.0,5.0,3.0,2.0
dough (baking),4.0,3.0,6.0,3.0,6.0,4.0,6.0,4.0,5.0
dough (money),10.0,5.0,4.0,5.0,5.0,4.0,5.0,4.0,7.0
dove (bird),4.0,3.0,7.0,3.0,6.0,4.0,6.0,3.0,7.0
dove (dive),6.0,4.0,5.0,4.0,5.0,4.0,6.0,3.0,5.0
down (direction),2.0,3.0,5.0,3.0,7.0,4.0,6.0,3.0,5.0
down (fur),4.0,3.0,5.0,4.0,5.0,4.0,5.0,3.0,5.0
down (sad),4.0,3.0,2.0,2.0,6.0,4.0,4.0,4.0,2.0
draft (breeze),6.0,3.0,5.0,3.0,5.0,4.0,5.0,2.0,5.0
draft (first version),8.0,3.0,4.0,3.0,5.0,4.0,4.0,3.0,5.0
draw (artistic),4.0,5.0,5.0,4.0,6.0,4.0,6.0,4.0,7.0
draw (attract),4.0,5.0,3.0,4.0,5.0,4.0,5.0,4.0,7.0
draw (choose),4.0,5.0,4.0,4.0,5.0,4.0,6.0,4.0,5.0
draw (tie),4.0,4.0,5.0,4.0,5.0,4.0,6.0,4.0,5.0
dress (formal),4.0,5.0,6.0,4.0,6.0,2.0,6.0,4.0,5.0
dress (put on clothes),4.0,4.0,5.0,4.0,6.0,4.0,6.0,4.0,5.0
dress (skirt),4.0,3.0,6.0,4.0,6.0,2.0,6.0,3.0,5.0
drill (practice),6.0,4.0,4.0,4.0,6.0,4.0,5.0,4.0,5.0
drill (tool),7.0,5.0,7.0,5.0,6.0,5.0,6.0,4.0,5.0
drive (car),5.0,5.0,6.0,5.0,7.0,4.0,6.0,4.0,5.0
drive (motivation),8.0,6.0,2.0,5.0,5.0,4.0,4.0,4.0,7.0
drop (fall),4.0,5.0,5.0,3.0,6.0,4.0,6.0,2.0,4.0
drop (rain),4.0,3.0,6.0,3.0,6.0,4.0,6.0,2.0,5.0
duck (bird),2.0,3.0,7.0,3.0,6.0,4.0,6.0,3.0,5.0
duck (cricket),8.0,3.0,5.0,3.0,4.0,4.0,5.0,3.0,5.0
duck (crouch),4.0,3.0,5.0,3.0,5.0,4.0,5.0,2.0,5.0
dummy (idiot),8.0,4.0,3.0,2.0,6.0,4.0,5.0,3.0,2.0
dummy (mannequin),8.0,3.0,6.0,3.0,5.0,4.0,6.0,4.0,5.0
dummy (nipple),4.0,3.0,6.0,3.0,5.0,4.0,6.0,2.0,5.0
even (odd),4.0,4.0,1.0,4.0,6.0,4.0,2.0,4.0,5.0
even (still),6.0,2.0,2.0,4.0,6.0,4.0,3.0,4.0,5.0
execute (accomplish),8.0,5.0,4.0,6.0,6.0,4.0,4.0,4.0,7.0
execute (kill),10.0,8.0,5.0,6.0,6.0,5.0,6.0,5.0,2.0
faint (colllapse),7.0,4.0,4.0,2.0,5.0,4.0,6.0,3.0,3.0
faint (weak),7.0,3.0,3.0,2.0,5.0,4.0,5.0,2.0,3.0
fair (exhibition),6.0,5.0,5.0,4.0,5.0,4.0,6.0,5.0,7.0
fair (honest),6.0,4.0,3.0,5.0,6.0,4.0,4.0,4.0,8.0
fair (light),4.0,3.0,3.0,4.0,6.0,4.0,5.0,3.0,5.0
fair (weather),4.0,3.0,6.0,4.0,6.0,4.0,6.0,4.0,7.0
fall (drop),4.0,5.0,5.0,3.0,6.0,4.0,6.0,3.0,3.0
fall (season),4.0,3.0,5.0,4.0,6.0,4.0,6.0,4.0,5.0
fans (air),4.0,3.0,6.0,4.0,6.0,4.0,6.0,4.0,5.0
fans (sports),6.0,7.0,5.0,4.0,6.0,4.0,6.0,4.0,7.0
fare (charge),8.0,3.0,4.0,3.0,5.0,4.0,4.0,3.0,5.0
fare (food),6.0,3.0,6.0,3.0,5.0,4.0,5.0,3.0,5.0
fast (quick),4.0,6.0,3.0,4.0,7.0,4.0,5.0,4.0,5.0
fast (starve),6.0,4.0,2.0,4.0,3.0,4.0,4.0,4.0,2.0
father (dad),2.0,4.0,5.0,5.0,7.0,7.0,6.0,4.0,7.0
father (priest),8.0,3.0,5.0,5.0,5.0,5.0,6.0,4.0,5.0
feet (body),2.0,3.0,7.0,3.0,7.0,4.0,7.0,3.0,5.0
feet (length),4.0,2.0,6.0,4.0,6.0,4.0,6.0,3.0,5.0
fiddle (adjust),7.0,3.0,5.0,4.0,5.0,4.0,5.0,4.0,5.0
fiddle (violin),6.0,5.0,7.0,4.0,5.0,4.0,6.0,3.0,5.0
figure (body shape),4.0,4.0,5.0,4.0,6.0,4.0,6.0,4.0,5.0
figure (graph),6.0,3.0,5.0,4.0,5.0,4.0,5.0,4.0,5.0
figure (number),6.0,3.0,3.0,4.0,6.0,4.0,2.0,3.0,5.0
figure (reckon),8.0,3.0,3.0,4.0,5.0,4.0,3.0,4.0,5.0
file (record),6.0,3.0,4.0,4.0,6.0,4.0,4.0,3.0,5.0
file (tool),7.0,3.0,6.0,4.0,5.0,5.0,6.0,4.0,5.0
fire (employment),8.0,7.0,4.0,5.0,5.0,4.0,5.0,4.0,2.0
fire (flames),2.0,8.0,6.0,5.0,7.0,4.0,7.0,5.0,3.0
fire (gun),7.0,7.0,6.0,6.0,5.0,6.0,6.0,4.0,4.0
fit (convulsion),8.0,7.0,5.0,3.0,4.0,4.0,6.0,3.0,2.0
fit (healthy),6.0,5.0,4.0,5.0,6.0,4.0,5.0,4.0,8.0
fit (suitable),6.0,3.0,3.0,4.0,6.0,4.0,4.0,4.0,7.0
flick (movement),4.0,5.0,5.0,4.0,5.0,4.0,6.0,2.0,5.0
flick (movie),6.0,5.0,4.0,4.0,5.0,4.0,6.0,4.0,5.0
fly (insect),4.0,4.0,7.0,2.0,6.0,4.0,6.0,2.0,4.0
fly (through air),4.0,5.0,5.0,4.0,6.0,4.0,6.0,4.0,5.0
foil (metal),7.0,3.0,6.0,4.0,5.0,4.0,6.0,3.0,5.0
foil (prevent),10.0,5.0,3.0,5.0,5.0,4.0,3.0,4.0,7.0
foot (body),2.0,2.0,7.0,4.0,7.0,4.0,7.0,3.0,5.0
foot (length),4.0,1.0,7.0,4.0,5.0,4.0,6.0,3.0,5.0
fork (cutlery),4.0,2.0,7.0,4.0,7.0,4.0,6.0,3.0,5.0
fork (road),6.0,3.0,5.0,4.0,5.0,4.0,5.0,4.0,5.0
foul (disgusting),6.0,7.0,4.0,2.0,5.0,4.0,5.0,4.0,2.0
foul (penalty),8.0,6.0,4.0,4.0,5.0,4.0,5.0,4.0,3.0
fuck (exclamation),10.0,8.0,2.0,5.0,6.0,4.0,6.0,4.0,2.0
fuck (sex),10.0,8.0,5.0,5.0,7.0,4.0,6.0,4.0,5.0
gag (choker),7.0,7.0,6.0,2.0,5.0,4.0,6.0,3.0,2.0
gag (joke),6.0,5.0,4.0,4.0,5.0,4.0,5.0,3.0,5.0
game (animal),6.0,3.0,6.0,4.0,4.0,4.0,5.0,3.0,5.0
game (sport),4.0,7.0,5.0,4.0,7.0,4.0,6.0,4.0,7.0
gay (homosexual),10.0,5.0,4.0,4.0,6.0,4.0,5.0,4.0,5.0
gay (joyous),8.0,7.0,2.0,4.0,5.0,4.0,5.0,4.0,8.0
general (common),4.0,4.0,3.0,4.0,6.0,4.0,4.0,4.0,5.0
general (military),10.0,6.0,5.0,6.0,6.0,6.0,6.0,5.0,5.0
glasses (drinks),4.0,3.0,6.0,4.0,6.0,4.0,6.0,3.0,5.0
glasses (eye),4.0,3.0,7.0,4.0,7.0,4.0,7.0,3.0,5.0
gorge (canyon),10.0,4.0,7.0,4.0,5.0,4.0,6.0,6.0,5.0
gorge (overeat),8.0,4.0,2.0,3.0,5.0,4.0,5.0,4.0,3.0
grade (mark),6.0,4.0,4.0,4.0,6.0,4.0,5.0,3.0,5.0
grade (slope),8.0,4.0,5.0,4.0,5.0,4.0,5.0,4.0,5.0
grain (sand),4.0,2.0,7.0,2.0,6.0,4.0,6.0,1.0,5.0
grain (wheat),5.0,2.0,6.0,3.0,6.0,4.0,6.0,2.0,5.0
grave (cemetary),6.0,3.0,6.0,2.0,6.0,4.0,7.0,4.0,3.0
grave (serious),8.0,7.0,3.0,4.0,6.0,4.0,4.0,4.0,3.0
green (colour),2.0,3.0,4.0,4.0,7.0,4.0,6.0,4.0,5.0
green (environmental),4.0,4.0,4.0,4.0,6.0,4.0,6.0,4.0,8.0
green (naive),2.0,3.0,3.0,3.0,5.0,4.0,4.0,4.0,5.0
groom (bride),7.0,5.0,5.0,4.0,6.0,6.0,6.0,4.0,7.0
groom (look after),6.0,4.0,4.0,4.0,5.0,4.0,5.0,4.0,7.0
habit (nun),10.0,2.0,4.0,3.0,5.0,2.0,6.0,3.0,5.0
habit (smoking),8.0,6.0,4.0,2.0,6.0,4.0,6.0,3.0,2.0
hammered (drunk),10.0,7.0,4.0,3.0,5.0,4.0,6.0,4.0,3.0
hammered (nail),4.0,5.0,6.0,5.0,5.0,5.0,6.0,4.0,5.0
hard (not easy),4.0,5.0,2.0,4.0,7.0,4.0,4.0,4.0,3.0
hard (not soft),4.0,4.0,5.0,5.0,7.0,4.0,5.0,4.0,5.0
harp (instrument),7.0,3.0,7.0,4.0,5.0,4.0,6.0,4.0,5.0
harp (pick on),8.0,3.0,4.0,3.0,4.0,4.0,5.0,3.0,4.0
hawk (bird),6.0,5.0,7.0,5.0,5.0,4.0,6.0,4.0,5.0
hawk (sell),10.0,4.0,4.0,4.0,4.0,4.0,5.0,4.0,5.0
head (body),2.0,3.0,7.0,4.0,7.0,4.0,7.0,4.0,5.0
head (leader),8.0,6.0,3.0,6.0,6.0,4.0,5.0,5.0,7.0
head (semen),13.0,7.0,5.0,4.0,1.0,6.0,5.0,4.0,5.0
hearing (court),10.0,5.0,5.0,4.0,5.0,4.0,5.0,4.0,5.0
hearing (ear),2.0,4.0,6.0,4.0,6.0,4.0,6.0,4.0,5.0
hen (chicken),4.0,3.0,7.0,3.0,6.0,2.0,6.0,3.0,5.0
hen (woman),4.0,3.0,1.0,3.0,5.0,2.0,6.0,3.0,5.0
hit (beat on),4.0,7.0,6.0,5.0,6.0,5.0,6.0,3.0,2.0
hit (music),6.0,6.0,3.0,4.0,5.0,4.0,5.0,4.0,7.0
hold (grasp),2.0,4.0,6.0,4.0,6.0,4.0,6.0,4.0,5.0
hold (store),4.0,2.0,5.0,4.0,5.0,4.0,5.0,4.0,5.0
hooker (prostitute),13.0,7.0,6.0,3.0,5.0,4.0,6.0,4.0,4.0
hooker (rugby),10.0,5.0,6.0,4.0,4.0,5.0,6.0,4.0,5.0
hound (dog),4.0,4.0,7.0,4.0,5.0,4.0,6.0,5.0,5.0
hound (persist),8.0,5.0,5.0,4.0,5.0,4.0,5.0,4.0,5.0
interest (attention),6.0,5.0,3.0,4.0,6.0,4.0,4.0,4.0,5.0
interest (monetary),10.0,4.0,4.0,4.0,6.0,4.0,4.0,4.0,5.0
iron (metal),6.0,3.0,7.0,4.0,6.0,4.0,6.0,5.0,5.0
iron (press),6.0,3.0,6.0,4.0,6.0,4.0,6.0,4.0,5.0
issue (distribute),8.0,4.0,4.0,4.0,5.0,4.0,4.0,4.0,5.0
issue (topic),8.0,4.0,2.0,4.0,6.0,4.0,4.0,4.0,5.0
jam (preserve),4.0,3.0,6.0,3.0,6.0,4.0,6.0,3.0,7.0
jam (traffic),6.0,4.0,6.0,2.0,5.0,4.0,6.0,4.0,3.0
joint (elbow),4.0,3.0,6.0,4.0,6.0,4.0,6.0,4.0,5.0
joint (meat),6.0,4.0,6.0,4.0,5.0,4.0,6.0,4.0,5.0
judge (courtroom),8.0,5.0,5.0,6.0,6.0,4.0,6.0,4.0,5.0
judge (evaluate),8.0,5.0,4.0,5.0,6.0,4.0,5.0,4.0,5.0
jumper (athlete),6.0,7.0,6.0,5.0,5.0,4.0,6.0,4.0,5.0
jumper (sweater),4.0,3.0,6.0,4.0,6.0,4.0,6.0,4.0,5.0
key (crucial),6.0,6.0,2.0,5.0,5.0,4.0,4.0,5.0,5.0
key (keyboard),6.0,3.0,5.0,4.0,6.0,4.0,5.0,3.0,5.0
key (lock),4.0,3.0,7.0,4.0,6.0,4.0,6.0,2.0,5.0
key (musical),6.0,4.0,3.0,4.0,6.0,4.0,5.0,4.0,5.0
kids (children),2.0,6.0,6.0,4.0,7.0,4.0,7.0,3.0,7.0
kids (goats),6.0,3.0,7.0,3.0,5.0,4.0,6.0,3.0,5.0
kind (nice),4.0,3.0,2.0,4.0,6.0,4.0,4.0,4.0,8.0
kind (type),4.0,4.0,3.0,4.0,6.0,4.0,4.0,4.0,5.0
kite (bird),6.0,4.0,7.0,3.0,5.0,4.0,6.0,3.0,5.0
kite (toy),4.0,4.0,7.0,3.0,6.0,4.0,7.0,3.0,7.0
kiwi (New Zealander),10.0,3.0,3.0,4.0,5.0,4.0,5.0,4.0,5.0
kiwi (bird),6.0,4.0,7.0,3.0,5.0,4.0,6.0,3.0,5.0
kiwi (fruit),6.0,3.0,7.0,4.0,6.0,4.0,6.0,2.0,7.0
knots (rope),5.0,3.0,6.0,4.0,6.0,4.0,6.0,3.0,5.0
knots (speed),8.0,4.0,4.0,4.0,5.0,4.0,5.0,3.0,5.0
landing (plane),6.0,5.0,6.0,4.0,5.0,4.0,6.0,6.0,5.0
landing (stairs),6.0,3.0,6.0,4.0,5.0,4.0,6.0,4.0,5.0
lark (bird),6.0,3.0,7.0,3.0,5.0,4.0,6.0,3.0,5.0
lark (fun),8.0,6.0,4.0,5.0,4.0,4.0,5.0,4.0,7.0
lead (direct),7.0,5.0,4.0,6.0,6.0,4.0,5.0,4.0,5.0
lead (heavy metal),10.0,3.0,7.0,4.0,5.0,4.0,6.0,4.0,3.0
lead (leash),6.0,3.0,6.0,5.0,5.0,4.0,6.0,3.0,5.0
lean (skinny),6.0,3.0,5.0,4.0,6.0,4.0,5.0,2.0,5.0
lean (tilt),4.0,3.0,5.0,4.0,5.0,4.0,6.0,4.0,5.0
leg (component),2.0,3.0,6.0,4.0,6.0,4.0,6.0,4.0,5.0
leg (limb),2.0,3.0,7.0,4.0,7.0,4.0,7.0,4.0,5.0
legend (key),8.0,4.0,4.0,4.0,5.0,4.0,5.0,4.0,5.0
legend (tale),8.0,5.0,2.0,4.0,5.0,4.0,5.0,4.0,5.0
letter (alphabet),2.0,2.0,5.0,4.0,7.0,4.0,5.0,2.0,5.0
letter (correspondence),6.0,3.0,5.0,3.0,6.0,4.0,5.0,3.0,5.0
letters (alphabet),2.0,3.0,4.0,4.0,7.0,4.0,5.0,2.0,5.0
letters (correspondence),5.0,3.0,5.0,3.0,6.0,3.0,5.0,3.0,5.0
lie (position),4.0,3.0,5.0,4.0,5.0,4.0,5.0,4.0,5.0
lie (untruth),6.0,5.0,2.0,4.0,6.0,4.0,4.0,3.0,2.0
lies (position),6.0,4.0,4.0,3.0,5.0,4.0,4.0,4.0,2.0
lies (untruths),6.0,6.0,2.0,3.0,6.0,4.0,4.0,3.0,2.0
lift (elevator),4.0,3.0,6.0,4.0,6.0,4.0,6.0,5.0,5.0
lift (raise),4.0,4.0,5.0,4.0,6.0,4.0,5.0,4.0,5.0
light (brightness),2.0,4.0,4.0,4.0,7.0,4.0,6.0,4.0,7.0
light (weight),4.0,3.0,5.0,4.0,6.0,4.0,6.0,2.0,5.0
like (love),4.0,6.0,2.0,4.0,7.0,4.0,6.0,4.0,8.0
like (similar to),4.0,3.0,3.0,4.0,7.0,4.0,4.0,4.0,5.0
limb (body),4.0,3.0,7.0,4.0,6.0,4.0,7.0,4.0,5.0
limb (tree),4.0,3.0,6.0,3.0,5.0,4.0,6.0,5.0,5.0
litter (animal babies),6.0,3.0,6.0,3.0,5.0,4.0,6.0,2.0,7.0
litter (trash),6.0,3.0,6.0,2.0,6.0,4.0,6.0,2.0,2.0
live (not recorded),4.0,6.0,4.0,4.0,6.0,4.0,6.0,4.0,7.0
live (to exist),4.0,5.0,4.0,4.0,7.0,4.0,4.0,4.0,5.0
loaf (be lazy),8.0,2.0,3.0,3.0,4.0,4.0,4.0,4.0,3.0
loaf (bread),4.0,2.0,7.0,4.0,6.0,4.0,6.0,4.0,5.0
lock (door),4.0,3.0,7.0,4.0,7.0,4.0,6.0,3.0,5.0
lock (hair),4.0,3.0,6.0,3.0,5.0,3.0,6.0,2.0,5.0
log (record),6.0,3.0,5.0,4.0,5.0,4.0,5.0,3.0,5.0
log (wood),4.0,2.0,6.0,4.0,5.0,4.0,6.0,4.0,5.0
logs (records),6.0,3.0,5.0,4.0,5.0,4.0,5.0,4.0,5.0
logs (wood),6.0,2.0,7.0,4.0,6.0,4.0,7.0,5.0,5.0
long (not short),4.0,3.0,3.0,4.0,7.0,4.0,5.0,6.0,5.0
long (yearn),6.0,5.0,2.0,3.0,4.0,4.0,3.0,4.0,5.0
lumber (move slowly),8.0,3.0,3.0,3.0,5.0,4.0,5.0,4.0,5.0
lumber (wood),8.0,3.0,6.0,4.0,5.0,4.0,6.0,5.0,5.0
mad (angry),4.0,8.0,2.0,4.0,6.0,4.0,5.0,4.0,2.0
mad (crazy),6.0,7.0,2.0,4.0,6.0,4.0,5.0,4.0,3.0
magazine (ammunition),10.0,7.0,6.0,5.0,5.0,5.0,6.0,4.0,3.0
magazine (publication),6.0,4.0,6.0,4.0,6.0,4.0,6.0,4.0,5.0
mark (grade),6.0,4.0,4.0,4.0,6.0,4.0,5.0,4.0,5.0
mark (smudge),4.0,3.0,6.0,3.0,5.0,4.0,6.0,2.0,3.0
mask (cover),4.0,4.0,6.0,4.0,6.0,4.0,6.0,3.0,5.0
mask (face),4.0,5.0,6.0,4.0,6.0,4.0,6.0,3.0,5.0
mass (large number),7.0,3.0,4.0,4.0,5.0,4.0,5.0,6.0,5.0
mass (religious),8.0,3.0,4.0,4.0,5.0,4.0,5.0,4.0,5.0
mass (weight),6.0,3.0,6.0,4.0,6.0,4.0,5.0,5.0,5.0
match (fire),4.0,6.0,6.0,4.0,6.0,4.0,6.0,2.0,5.0
match (game),4.0,5.0,5.0,4.0,6.0,4.0,6.0,3.0,5.0
match (pairing),4.0,4.0,4.0,4.0,6.0,4.0,5.0,3.0,5.0
mate (copulate),13.0,7.0,5.0,4.0,5.0,4.0,5.0,4.0,5.0
mate (friend),6.0,4.0,4.0,4.0,6.0,4.0,6.0,4.0,8.0
mean (average),6.0,4.0,3.0,4.0,6.0,4.0,5.0,4.0,5.0
mean (intend),6.0,4.0,3.0,4.0,5.0,4.0,3.0,4.0,5.0
mean (nasty),6.0,7.0,2.0,2.0,5.0,4.0,4.0,4.0,2.0
mean (stingy),8.0,4.0,3.0,3.0,5.0,4.0,4.0,3.0,3.0
medium (intermediate),6.0,5.0,4.0,4.0,5.0,4.0,4.0,4.0,5.0
medium (spiritualist),10.0,5.0,2.0,4.0,4.0,4.0,4.0,4.0,5.0
might (possibly),4.0,4.0,2.0,4.0,6.0,4.0,3.0,4.0,5.0
might (strength),6.0,6.0,3.0,6.0,5.0,5.0,4.0,5.0,6.0
mint (food),6.0,3.0,6.0,4.0,6.0,4.0,6.0,2.0,7.0
mint (money),8.0,4.0,6.0,4.0,5.0,4.0,6.0,5.0,7.0
minute (small),6.0,2.0,6.0,2.0,6.0,4.0,5.0,1.0,5.0
minute (time),4.0,3.0,2.0,4.0,7.0,4.0,4.0,3.0,5.0
mole (animal),6.0,3.0,7.0,3.0,5.0,4.0,6.0,3.0,5.0
mole (skin),6.0,3.0,6.0,3.0,5.0,4.0,6.0,2.0,4.0
mole (spy),10.0,6.0,4.0,4.0,5.0,4.0,5.0,4.0,4.0
mug (cup),4.0,3.0,7.0,4.0,6.0,4.0,6.0,3.0,5.0
mug (face),4.0,3.0,5.0,3.0,5.0,4.0,6.0,3.0,5.0
mushroom (expand),4.0,3.0,6.0,4.0,5.0,4.0,6.0,4.0,5.0
mushroom (food),4.0,3.0,7.0,3.0,6.0,4.0,6.0,3.0,5.0
nail (finger),4.0,3.0,6.0,3.0,6.0,4.0,6.0,2.0,5.0
nail (hammer),4.0,4.0,7.0,4.0,6.0,5.0,6.0,2.0,5.0
novel (book),4.0,3.0,6.0,4.0,7.0,4.0,6.0,4.0,7.0
novel (new),6.0,5.0,3.0,4.0,5.0,4.0,5.0,4.0,7.0
nut (bolt),6.0,2.0,7.0,4.0,6.0,4.0,6.0,2.0,5.0
nut (crazy person),8.0,7.0,3.0,3.0,5.0,4.0,5.0,4.0,3.0
nut (food),4.0,3.0,7.0,3.0,6.0,4.0,6.0,2.0,5.0
nuts (bolts),6.0,2.0,7.0,4.0,6.0,5.0,6.0,3.0,5.0
nuts (crazy),6.0,6.0,2.0,3.0,6.0,4.0,5.0,4.0,3.0
nuts (food),4.0,3.0,7.0,4.0,6.0,4.0,6.0,2.0,5.0
nuts (testicles),10.0,5.0,7.0,4.0,5.0,7.0,6.0,2.0,4.0
object (disagree),4.0,3.0,6.0,4.0,5.0,4.0,2.0,4.0,4.0
object (thing),2.0,3.0,7.0,4.0,7.0,4.0,6.0,4.0,5.0
orange (colour),2.0,5.0,4.0,4.0,6.0,4.0,5.0,4.0,5.0
orange (fruit),2.0,3.0,7.0,4.0,7.0,4.0,7.0,3.0,7.0
organ (liver),6.0,3.0,7.0,4.0,6.0,4.0,6.0,5.0,5.0
organ (piano),6.0,4.0,6.0,4.0,6.0,4.0,6.0,5.0,5.0
over (above),4.0,3.0,4.0,5.0,6.0,4.0,5.0,4.0,5.0
over (cricket),8.0,4.0,5.0,4.0,5.0,4.0,5.0,4.0,5.0
over (finished),4.0,3.0,4.0,4.0,7.0,4.0,4.0,4.0,5.0
pack (fill),4.0,4.0,6.0,4.0,5.0,4.0,6.0,4.0,5.0
pack (group),6.0,4.0,4.0,4.0,6.0,4.0,5.0,4.0,5.0
page (call),6.0,4.0,5.0,3.0,5.0,4.0,5.0,3.0,5.0
page (paper),4.0,2.0,6.0,4.0,5.0,4.0,6.0,2.0,5.0
page (ward),6.0,3.0,5.0,3.0,5.0,4.0,5.0,3.0,5.0
pan (camera),8.0,3.0,5.0,4.0,5.0,4.0,5.0,4.0,5.0
pan (criticise),10.0,5.0,2.0,4.0,4.0,4.0,3.0,4.0,4.0
pan (pot),4.0,2.0,7.0,4.0,6.0,4.0,6.0,3.0,5.0
park (car),4.0,2.0,6.0,4.0,6.0,4.0,6.0,3.0,5.0
park (public land),4.0,3.0,6.0,4.0,7.0,4.0,6.0,5.0,7.0
part (divide),6.0,3.0,4.0,4.0,6.0,4.0,5.0,3.0,5.0
part (portion),4.0,3.0,5.0,4.0,6.0,4.0,5.0,3.0,5.0
party (celebration),4.0,7.0,4.0,4.0,7.0,4.0,6.0,4.0,8.0
party (group),4.0,7.0,4.0,4.0,6.0,4.0,6.0,4.0,7.0
pass (move past),4.0,5.0,4.0,4.0,6.0,4.0,5.0,4.0,5.0
pass (permission),6.0,3.0,4.0,4.0,6.0,4.0,4.0,3.0,7.0
pass (route),4.0,3.0,5.0,4.0,5.0,4.0,6.0,4.0,5.0
patch (area),6.0,3.0,5.0,3.0,5.0,4.0,6.0,3.0,5.0
patch (repair),6.0,3.0,5.0,4.0,5.0,4.0,6.0,3.0,7.0
patient (medical),6.0,5.0,5.0,2.0,6.0,4.0,6.0,4.0,3.0
patient (tolerant),6.0,3.0,3.0,4.0,6.0,4.0,4.0,4.0,7.0
peer (colleague),10.0,3.0,4.0,4.0,6.0,4.0,4.0,4.0,5.0
peer (look),6.0,4.0,5.0,4.0,5.0,4.0,5.0,4.0,5.0
pen (cage),6.0,2.0,6.0,2.0,5.0,4.0,6.0,3.0,4.0
pen (ink),4.0,3.0,6.0,4.0,7.0,4.0,6.0,2.0,5.0
pepper (black),4.0,4.0,6.0,4.0,6.0,4.0,6.0,2.0,5.0
pepper (lightly cover),4.0,4.0,4.0,4.0,5.0,4.0,5.0,2.0,5.0
pepper (vegetable),4.0,4.0,7.0,4.0,6.0,4.0,6.0,2.0,5.0
periodical (intermittent),10.0,4.0,3.0,4.0,5.0,4.0,3.0,4.0,5.0
periodical (newspaper),8.0,3.0,6.0,4.0,5.0,4.0,6.0,4.0,5.0
pickle (difficulty),6.0,3.0,5.0,3.0,5.0,4.0,5.0,3.0,5.0
pickle (preserve),6.0,3.0,6.0,3.0,5.0,4.0,6.0,3.0,5.0
pine (long for),6.0,3.0,2.0,3.0,5.0,4.0,3.0,3.0,4.0
pine (tree/wood),4.0,3.0,6.0,4.0,6.0,4.0,6.0,6.0,5.0
pint (beer),10.0,5.0,6.0,4.0,6.0,5.0,6.0,3.0,6.0
pint (volume),8.0,3.0,6.0,4.0,6.0,4.0,5.0,2.0,5.0
pipe (tobacco),8.0,3.0,6.0,4.0,5.0,5.0,6.0,3.0,5.0
pipe (water),4.0,3.0,6.0,4.0,6.0,4.0,6.0,4.0,5.0
pitch (field of play),6.0,3.0,6.0,4.0,5.0,4.0,6.0,5.0,5.0
pitch (musical),6.0,4.0,4.0,4.0,5.0,4.0,5.0,4.0,5.0
pitch (tar),8.0,3.0,6.0,4.0,4.0,4.0,6.0,3.0,5.0
pitch (throw),4.0,4.0,5.0,4.0,6.0,4.0,6.0,4.0,5.0
plane (aircraft),4.0,5.0,7.0,5.0,6.0,4.0,6.0,6.0,5.0
plane (surface),6.0,3.0,5.0,4.0,5.0,4.0,5.0,4.0,5.0
plane (wood),8.0,3.0,6.0,4.0,4.0,4.0,6.0,4.0,5.0
plant (factory),6.0,5.0,6.0,5.0,5.0,5.0,6.0,6.0,5.0
plant (flower),4.0,3.0,6.0,3.0,6.0,3.0,6.0,3.0,7.0
plant (position),6.0,3.0,4.0,4.0,4.0,4.0,4.0,4.0,5.0
plaster (bandage),4.0,3.0,6.0,3.0,6.0,4.0,6.0,3.0,5.0
plaster (wall),8.0,2.0,6.0,4.0,5.0,4.0,6.0,4.0,5.0
play (game),2.0,6.0,4.0,4.0,7.0,4.0,6.0,4.0,8.0
play (stage performance),6.0,5.0,5.0,4.0,6.0,4.0,6.0,4.0,7.0
plot (conspiracy),10.0,7.0,2.0,5.0,5.0,4.0,4.0,4.0,3.0
plot (graph),5.0,4.0,5.0,3.0,5.0,3.0,6.0,4.0,5.0
plot (land),8.0,3.0,6.0,5.0,5.0,4.0,6.0,5.0,5.0
plot (story),4.0,4.0,2.0,4.0,6.0,4.0,4.0,4.0,5.0
plug (blockage),6.0,3.0,6.0,4.0,5.0,4.0,6.0,3.0,5.0
plug (electric),6.0,3.0,6.0,4.0,6.0,4.0,6.0,3.0,5.0
poach (cook),8.0,3.0,6.0,4.0,5.0,4.0,5.0,4.0,5.0
poach (hunt),8.0,6.0,6.0,5.0,5.0,5.0,5.0,4.0,3.0
point (argument),8.0,7.0,2.0,4.0,6.0,4.0,3.0,3.0,3.0
point (finger),2.0,3.0,5.0,3.0,6.0,4.0,6.0,2.0,5.0
point (location),4.0,3.0,5.0,4.0,6.0,4.0,5.0,4.0,5.0
poker (cards),10.0,5.0,6.0,4.0,6.0,4.0,6.0,4.0,5.0
poker (rod),8.0,4.0,6.0,4.0,5.0,4.0,6.0,4.0,5.0
pool (billiards),8.0,4.0,6.0,4.0,6.0,4.0,6.0,3.0,5.0
pool (shared),4.0,3.0,5.0,4.0,6.0,4.0,6.0,4.0,5.0
pool (water),4.0,4.0,6.0,4.0,6.0,4.0,6.0,5.0,7.0
port (harbour),8.0,3.0,6.0,4.0,5.0,4.0,6.0,6.0,5.0
port (wine),10.0,4.0,5.0,4.0,5.0,4.0,5.0,4.0,7.0
post (mail),4.0,3.0,6.0,4.0,6.0,4.0,6.0,3.0,5.0
post (pole),4.0,2.0,6.0,4.0,5.0,4.0,6.0,4.0,5.0
post (position),8.0,4.0,4.0,4.0,5.0,4.0,5.0,4.0,5.0
pot (drugs),10.0,6.0,5.0,4.0,5.0,4.0,6.0,3.0,4.0
pot (pan),4.0,2.0,7.0,4.0,6.0,4.0,6.0,3.0,5.0
pound (dogs),6.0,4.0,5.0,4.0,5.0,4.0,6.0,4.0,4.0
pound (hammer),6.0,5.0,6.0,5.0,5.0,5.0,6.0,5.0,5.0
pound (money),7.0,4.0,3.0,4.0,7.0,4.0,4.0,4.0,7.0
pound (weight),6.0,3.0,6.0,4.0,6.0,4.0,6.0,5.0,5.0
present (gift),4.0,5.0,6.0,4.0,6.0,4.0,6.0,3.0,8.0
present (show),4.0,5.0,4.0,4.0,6.0,4.0,6.0,4.0,7.0
prick (dick),10.0,5.0,6.0,3.0,5.0,6.0,6.0,2.0,2.0
prick (stab),6.0,7.0,6.0,4.0,5.0,4.0,6.0,2.0,2.0
pride (feeling),6.0,6.0,2.0,5.0,6.0,4.0,4.0,4.0,7.0
pride (lions),6.0,6.0,7.0,5.0,5.0,4.0,6.0,5.0,5.0
process (modify),8.0,4.0,4.0,4.0,6.0,4.0,3.0,4.0,5.0
process (procedure),8.0,3.0,4.0,4.0,6.0,4.0,4.0,4.0,5.0
process (understand),6.0,4.0,3.0,4.0,6.0,4.0,4.0,4.0,5.0
project (enterprise),10.0,5.0,2.0,5.0,6.0,4.0,4.0,5.0,7.0
project (protrude),10.0,4.0,4.0,5.0,4.0,4.0,4.0,4.0,5.0
prune (fruit),7.0,3.0,7.0,3.0,5.0,4.0,6.0,2.0,5.0
prune (trim),8.0,3.0,5.0,4.0,5.0,4.0,6.0,3.0,5.0
pull (attratcion),4.0,5.0,4.0,4.0,5.0,4.0,5.0,4.0,5.0
pull (drag),2.0,4.0,6.0,4.0,6.0,4.0,6.0,4.0,5.0
pulse (e.g. beans),6.0,3.0,6.0,4.0,5.0,4.0,6.0,2.0,5.0
pulse (heartbeat),4.0,7.0,6.0,4.0,6.0,4.0,6.0,3.0,5.0
pumps (equipment),8.0,4.0,6.0,5.0,5.0,4.0,6.0,5.0,5.0
pumps (shoes),6.0,4.0,6.0,4.0,6.0,2.0,6.0,3.0,5.0
punch (drink),6.0,4.0,6.0,4.0,5.0,4.0,6.0,3.0,5.0
punch (strike),4.0,7.0,6.0,6.0,6.0,5.0,6.0,4.0,3.0
pupil (eye),4.0,3.0,7.0,4.0,6.0,4.0,7.0,2.0,5.0
pupil (school),6.0,3.0,4.0,3.0,6.0,4.0,5.0,3.0,5.0
pussy (cat),4.0,3.0,7.0,3.0,6.0,4.0,6.0,3.0,5.0
pussy (vagina),10.0,5.0,7.0,3.0,6.0,1.0,6.0,4.0,5.0
pussy (wimp),8.0,4.0,4.0,2.0,5.0,2.0,5.0,2.0,3.0
puzzle (jigsaw),4.0,4.0,6.0,4.0,6.0,4.0,6.0,3.0,5.0
puzzle (mystery),6.0,5.0,3.0,4.0,6.0,4.0,5.0,4.0,5.0
quack (charlatan),10.0,5.0,5.0,2.0,5.0,4.0,5.0,3.0,2.0
quack (duck),2.0,3.0,6.0,3.0,6.0,4.0,6.0,3.0,5.0
queen (gay),10.0,5.0,4.0,4.0,5.0,2.0,5.0,4.0,5.0
queen (king),4.0,5.0,5.0,6.0,7.0,1.0,7.0,5.0,5.0
race (colour),4.0,4.0,2.0,4.0,6.0,4.0,5.0,4.0,5.0
race (contest),4.0,7.0,5.0,4.0,6.0,4.0,6.0,4.0,5.0
racket (noise),6.0,7.0,5.0,3.0,5.0,4.0,5.0,3.0,3.0
racket (tennis),6.0,5.0,7.0,4.0,6.0,4.0,6.0,4.0,5.0
raise (bring up),6.0,5.0,4.0,5.0,6.0,4.0,5.0,4.0,7.0
raise (increase),8.0,5.0,4.0,5.0,6.0,4.0,5.0,4.0,7.0
raise (lift),4.0,4.0,5.0,4.0,6.0,4.0,6.0,4.0,5.0
range (array),6.0,3.0,4.0,4.0,5.0,4.0,5.0,4.0,5.0
range (outdoors),6.0,3.0,5.0,4.0,6.0,4.0,6.0,5.0,5.0
rank (foul),8.0,7.0,4.0,2.0,5.0,4.0,5.0,3.0,2.0
rank (position),6.0,4.0,4.0,5.0,6.0,4.0,4.0,4.0,6.0
rare (uncommon),8.0,4.0,2.0,4.0,5.0,4.0,4.0,4.0,5.0
rare (uncooked),6.0,4.0,4.0,4.0,5.0,4.0,6.0,4.0,4.0
rash (reckless),8.0,7.0,3.0,4.0,5.0,4.0,5.0,4.0,3.0
rash (skin),6.0,4.0,6.0,3.0,6.0,4.0,6.0,3.0,2.0
rat (animal),4.0,5.0,7.0,2.0,6.0,4.0,6.0,2.0,4.0
rat (inform),4.0,4.0,5.0,2.0,5.0,4.0,5.0,2.0,3.0
rear (behind),4.0,4.0,4.0,4.0,6.0,4.0,5.0,4.0,5.0
rear (raise),8.0,5.0,4.0,5.0,5.0,4.0,5.0,4.0,5.0
record (information),6.0,3.0,4.0,4.0,6.0,4.0,4.0,4.0,5.0
record (to register),6.0,4.0,4.0,4.0,6.0,4.0,5.0,4.0,5.0
remote (controller),6.0,3.0,6.0,4.0,6.0,4.0,6.0,3.0,5.0
remote (distant),8.0,2.0,4.0,4.0,5.0,4.0,5.0,5.0,5.0
right (correct),4.0,3.0,3.0,4.0,7.0,4.0,4.0,4.0,8.0
right (left),4.0,5.0,3.0,4.0,7.0,4.0,5.0,4.0,5.0
right (legal claim),10.0,4.0,3.0,5.0,5.0,4.0,4.0,4.0,7.0
ring (jewellery),4.0,4.0,6.0,4.0,7.0,4.0,6.0,2.0,7.0
ring (sound),4.0,5.0,5.0,3.0,6.0,4.0,5.0,3.0,5.0
ring (surround),4.0,4.0,5.0,4.0,5.0,4.0,6.0,4.0,5.0
rocket (go quickly),4.0,7.0,3.0,5.0,5.0,4.0,5.0,4.0,5.0
rocket (leaves),6.0,7.0,5.0,5.0,3.0,4.0,5.0,2.0,5.0
rocket (projectile),6.0,7.0,7.0,6.0,6.0,5.0,7.0,6.0,5.0
roll (bread),4.0,2.0,6.0,4.0,6.0,4.0,6.0,2.0,5.0
roll (turn over),4.0,4.0,5.0,4.0,6.0,4.0,6.0,4.0,5.0
ruler (leader),8.0,7.0,2.0,6.0,5.0,4.0,5.0,5.0,5.0
ruler (measure),6.0,2.0,6.0,4.0,6.0,4.0,6.0,3.0,5.0
run (race),4.0,7.0,5.0,4.0,6.0,4.0,6.0,4.0,5.0
run (series),2.0,5.0,4.0,4.0,5.0,4.0,5.0,4.0,5.0
run (stockings),4.0,3.0,5.0,4.0,5.0,3.0,5.0,3.0,5.0
run (test),2.0,7.0,5.0,4.0,6.0,4.0,6.0,4.0,5.0
sage (herb),8.0,3.0,7.0,3.0,5.0,4.0,6.0,2.0,5.0
sage (wise man),10.0,3.0,5.0,6.0,5.0,5.0,5.0,4.0,8.0
scale (fish),4.0,2.0,7.0,4.0,5.0,4.0,6.0,3.0,5.0
scale (magnitude),,5.0,5.0,4.0,5.0,3.0,5.0,5.0,
scale (musical),6.0,3.0,4.0,4.0,6.0,4.0,6.0,4.0,5.0
scale (weighing),6.0,3.0,6.0,4.0,6.0,4.0,6.0,4.0,5.0
screw (builder),7.0,3.0,7.0,4.0,6.0,5.0,6.0,3.0,5.0
screw (sex),13.0,7.0,1.0,5.0,5.0,4.0,6.0,4.0,5.0
seal (animal),4.0,4.0,7.0,4.0,6.0,4.0,6.0,4.0,5.0
seal (close),4.0,3.0,5.0,4.0,5.0,4.0,5.0,4.0,5.0
season (add spice),6.0,4.0,4.0,4.0,5.0,4.0,4.0,4.0,5.0
season (period of time),4.0,3.0,4.0,4.0,6.0,4.0,5.0,4.0,5.0
second (position),4.0,3.0,4.0,3.0,6.0,4.0,4.0,4.0,5.0
second (unit of time),5.0,3.0,4.0,4.0,7.0,4.0,4.0,2.0,5.0
select (choose),4.0,5.0,2.0,4.0,6.0,4.0,4.0,4.0,5.0
select (elite),10.0,5.0,2.0,6.0,5.0,4.0,4.0,4.0,7.0
sense (common),4.0,4.0,3.0,4.0,6.0,4.0,4.0,4.0,5.0
sense (feel),4.0,5.0,4.0,4.0,6.0,4.0,5.0,4.0,5.0
sentence (phrase),6.0,4.0,3.0,4.0,6.0,4.0,4.0,4.0,5.0
sentence (prison),8.0,4.0,6.0,2.0,5.0,4.0,6.0,3.0,2.0
serve (perform duties),6.0,4.0,4.0,2.0,6.0,4.0,5.0,4.0,5.0
serve (tennis),8.0,5.0,5.0,4.0,5.0,4.0,6.0,4.0,5.0
set (determined),8.0,6.0,4.0,5.0,5.0,4.0,4.0,4.0,5.0
set (group),6.0,3.0,3.0,4.0,5.0,4.0,4.0,4.0,5.0
set (solidify),6.0,3.0,5.0,4.0,5.0,4.0,5.0,4.0,5.0
sex (gender),4.0,5.0,2.0,4.0,7.0,4.0,5.0,4.0,5.0
sex (intercourse),10.0,8.0,6.0,4.0,7.0,4.0,6.0,4.0,5.0
shade (out of the sun),4.0,2.0,5.0,4.0,6.0,4.0,6.0,4.0,7.0
shade (tint),6.0,3.0,4.0,4.0,5.0,4.0,5.0,4.0,5.0
sharp (blade),4.0,6.0,6.0,5.0,6.0,4.0,6.0,3.0,4.0
sharp (smart),4.0,5.0,3.0,5.0,5.0,4.0,3.0,4.0,7.0
sheer (thin),10.0,3.0,4.0,4.0,5.0,4.0,5.0,2.0,5.0
sheer (utter),10.0,4.0,2.0,4.0,5.0,4.0,3.0,4.0,5.0
shell (military),10.0,7.0,6.0,5.0,5.0,6.0,6.0,6.0,3.0
shell (sea),4.0,3.0,7.0,4.0,6.0,4.0,6.0,3.0,5.0
ship (boat),4.0,3.0,7.0,4.0,6.0,4.0,6.0,6.0,5.0
ship (transport),4.0,4.0,6.0,4.0,6.0,4.0,6.0,6.0,5.0
shoot (film),6.0,5.0,4.0,4.0,5.0,4.0,6.0,4.0,7.0
shoot (gun),6.0,8.0,6.0,5.0,6.0,5.0,6.0,4.0,2.0
shoot (plant),6.0,3.0,6.0,3.0,4.0,4.0,6.0,3.0,5.0
shot (gun),6.0,7.0,6.0,5.0,6.0,5.0,6.0,3.0,3.0
shot (injection),4.0,5.0,6.0,4.0,6.0,4.0,6.0,3.0,4.0
sick (disgusting),4.0,6.0,4.0,2.0,6.0,4.0,6.0,4.0,2.0
sick (ill),4.0,4.0,4.0,2.0,6.0,4.0,5.0,3.0,2.0
sink (dishes),4.0,2.0,6.0,3.0,6.0,4.0,6.0,3.0,4.0
sink (go down),4.0,3.0,5.0,2.0,6.0,4.0,6.0,4.0,3.0
sketch (drawing),4.0,3.0,6.0,4.0,6.0,4.0,6.0,3.0,5.0
sketch (play),6.0,5.0,5.0,4.0,5.0,4.0,6.0,4.0,5.0
skirt (clothes),4.0,3.0,7.0,4.0,7.0,1.0,6.0,3.0,5.0
skirt (go around),4.0,3.0,3.0,4.0,5.0,4.0,3.0,4.0,5.0
slight (little),6.0,3.0,2.0,2.0,5.0,4.0,4.0,2.0,5.0
slight (offend),8.0,4.0,2.0,2.0,5.0,4.0,3.0,2.0,3.0
slip (mistake),5.0,4.0,3.0,3.0,5.0,4.0,5.0,3.0,3.0
slip (notepaper),6.0,2.0,6.0,3.0,5.0,4.0,5.0,2.0,5.0
slip (slide),4.0,5.0,5.0,3.0,5.0,4.0,6.0,3.0,4.0
slug (hit),6.0,6.0,6.0,5.0,5.0,5.0,5.0,3.0,3.0
slug (insect),6.0,2.0,7.0,2.0,6.0,4.0,6.0,2.0,3.0
smart (intelligent),4.0,5.0,2.0,5.0,6.0,4.0,4.0,4.0,8.0
smart (well-dressed),6.0,3.0,3.0,5.0,6.0,4.0,5.0,4.0,7.0
sock (clothes),2.0,2.0,6.0,4.0,7.0,4.0,6.0,2.0,5.0
sock (hit),4.0,5.0,5.0,3.0,4.0,4.0,5.0,2.0,3.0
soil (earth),4.0,3.0,7.0,3.0,6.0,4.0,6.0,4.0,5.0
soil (mess up),4.0,3.0,5.0,3.0,5.0,4.0,6.0,3.0,3.0
sole (fish),8.0,3.0,6.0,3.0,5.0,4.0,6.0,3.0,5.0
sole (only),6.0,3.0,3.0,4.0,5.0,4.0,4.0,3.0,5.0
sole (shoe),4.0,2.0,6.0,4.0,6.0,4.0,6.0,3.0,5.0
solution (answer),8.0,4.0,2.0,5.0,5.0,4.0,2.0,4.0,8.0
solution (chemical),10.0,5.0,5.0,4.0,5.0,4.0,5.0,4.0,5.0
space (galaxies),6.0,5.0,6.0,4.0,6.0,4.0,7.0,7.0,5.0
space (room),4.0,3.0,6.0,4.0,6.0,4.0,6.0,5.0,5.0
spade (cards),7.0,4.0,5.0,4.0,6.0,4.0,6.0,4.0,5.0
spade (shovel),4.0,3.0,7.0,4.0,6.0,5.0,6.0,5.0,5.0
speaker (amplifier),7.0,5.0,6.0,4.0,6.0,4.0,6.0,4.0,5.0
speaker (orator),8.0,5.0,4.0,5.0,5.0,4.0,5.0,4.0,5.0
spell (alphabet),4.0,3.0,4.0,4.0,6.0,4.0,5.0,2.0,5.0
spell (magical),8.0,7.0,2.0,6.0,5.0,4.0,5.0,4.0,5.0
spell (time period),4.0,3.0,3.0,4.0,3.0,4.0,4.0,3.0,5.0
spirit (drink),10.0,5.0,6.0,4.0,6.0,4.0,6.0,3.0,5.0
spirit (ghost),6.0,6.0,4.0,4.0,6.0,4.0,6.0,4.0,5.0
spirit (intention),8.0,5.0,2.0,4.0,5.0,4.0,4.0,4.0,5.0
spirit (soul),6.0,5.0,2.0,4.0,6.0,4.0,4.0,4.0,7.0
spot (pimple),6.0,4.0,6.0,3.0,5.0,4.0,6.0,2.0,2.0
spot (stain),4.0,3.0,6.0,3.0,6.0,4.0,6.0,2.0,3.0
spread (food),6.0,3.0,6.0,4.0,5.0,4.0,6.0,3.0,7.0
spread (open),4.0,4.0,4.0,4.0,5.0,4.0,6.0,5.0,5.0
spring (coil),6.0,3.0,6.0,4.0,5.0,4.0,6.0,3.0,5.0
spring (jump),4.0,6.0,5.0,4.0,6.0,4.0,6.0,4.0,5.0
spring (season),4.0,4.0,4.0,4.0,7.0,4.0,6.0,4.0,7.0
squash (crush),6.0,5.0,6.0,5.0,5.0,4.0,6.0,4.0,3.0
squash (sport),8.0,5.0,5.0,4.0,5.0,4.0,6.0,4.0,5.0
squash (vegetable),5.0,2.0,7.0,3.0,5.0,4.0,6.0,4.0,5.0
squat (crouch),6.0,4.0,6.0,4.0,5.0,4.0,6.0,3.0,5.0
squat (short),8.0,3.0,5.0,4.0,5.0,4.0,5.0,2.0,5.0
staff (stick),6.0,2.0,6.0,4.0,5.0,4.0,6.0,3.0,5.0
staff (workforce),10.0,4.0,3.0,5.0,6.0,4.0,5.0,4.0,5.0
stake (investment),10.0,5.0,3.0,5.0,6.0,4.0,3.0,4.0,6.0
stake (wooden),6.0,3.0,6.0,4.0,5.0,4.0,6.0,3.0,5.0
stall (hesitate),7.0,3.0,3.0,3.0,5.0,4.0,4.0,4.0,4.0
stall (kiosk),8.0,3.0,6.0,4.0,5.0,4.0,6.0,3.0,5.0
staple (mainstay),6.0,3.0,5.0,4.0,5.0,4.0,5.0,4.0,5.0
staple (stationery),6.0,2.0,7.0,4.0,6.0,4.0,6.0,2.0,5.0
star (celebrity),6.0,7.0,3.0,5.0,6.0,4.0,6.0,5.0,7.0
star (sky),4.0,4.0,6.0,4.0,7.0,4.0,7.0,6.0,7.0
steer (cows),6.0,3.0,7.0,4.0,5.0,5.0,6.0,5.0,5.0
steer (direct),6.0,5.0,4.0,5.0,5.0,4.0,4.0,4.0,5.0
stem (origin),6.0,3.0,4.0,4.0,5.0,4.0,4.0,3.0,5.0
stem (plant),4.0,2.0,6.0,3.0,6.0,4.0,6.0,3.0,5.0
stern (attitude),10.0,5.0,2.0,6.0,5.0,4.0,4.0,4.0,3.0
stern (ship),10.0,3.0,6.0,4.0,5.0,4.0,6.0,6.0,5.0
stick (glue),4.0,3.0,6.0,3.0,5.0,4.0,6.0,3.0,5.0
stick (thin piece of wood),4.0,2.0,6.0,3.0,6.0,4.0,6.0,2.0,5.0
stir (cook),6.0,3.0,6.0,4.0,6.0,4.0,6.0,3.0,5.0
stir (make trouble),7.0,6.0,4.0,4.0,5.0,4.0,5.0,3.0,3.0
stir (move),4.0,4.0,6.0,4.0,5.0,4.0,6.0,3.0,5.0
stock (finance),10.0,5.0,3.0,5.0,6.0,4.0,3.0,4.0,5.0
stock (inventory),10.0,3.0,5.0,4.0,6.0,4.0,5.0,4.0,5.0
stock (soup),6.0,2.0,6.0,4.0,5.0,4.0,5.0,3.0,5.0
stone (rock),2.0,2.0,7.0,4.0,7.0,4.0,7.0,4.0,5.0
stone (weight),4.0,2.0,7.0,4.0,5.0,4.0,6.0,4.0,5.0
stool (chair),4.0,2.0,7.0,4.0,6.0,4.0,6.0,3.0,5.0
stool (faeces),4.0,4.0,7.0,3.0,5.0,4.0,6.0,3.0,2.0
store (put away for future),4.0,2.0,4.0,4.0,6.0,4.0,5.0,4.0,5.0
store (shop),4.0,4.0,6.0,4.0,7.0,4.0,6.0,4.0,5.0
straw (drinking),4.0,2.0,7.0,4.0,6.0,4.0,6.0,2.0,5.0
straw (hay),4.0,2.0,7.0,2.0,6.0,4.0,6.0,2.0,5.0
strike (hit),4.0,7.0,6.0,5.0,6.0,5.0,6.0,4.0,3.0
strike (picket),10.0,7.0,5.0,5.0,5.0,4.0,6.0,4.0,4.0
strip (naked),8.0,7.0,4.0,4.0,5.0,4.0,6.0,3.0,5.0
strip (narrow piece),6.0,3.0,6.0,4.0,5.0,4.0,6.0,2.0,5.0
strip (street),6.0,5.0,6.0,4.0,5.0,4.0,6.0,4.0,5.0
stroke (brain),10.0,7.0,5.0,2.0,6.0,4.0,5.0,5.0,2.0
stroke (pet),4.0,3.0,6.0,4.0,5.0,4.0,6.0,3.0,8.0
suit (legal),10.0,5.0,3.0,5.0,5.0,4.0,4.0,4.0,3.0
suit (playing cards),6.0,4.0,5.0,4.0,6.0,4.0,6.0,2.0,5.0
suit (special clothes),6.0,4.0,6.0,5.0,6.0,4.0,6.0,4.0,6.0
suit (to be fit for),8.0,3.0,3.0,4.0,5.0,4.0,3.0,4.0,5.0
surf (breaking waves),7.0,7.0,6.0,4.0,6.0,4.0,6.0,4.0,7.0
surf (riding waves),7.0,7.0,6.0,5.0,6.0,4.0,6.0,4.0,7.0
sweet (nice),4.0,3.0,3.0,4.0,6.0,3.0,5.0,4.0,8.0
sweet (sugar),2.0,3.0,5.0,4.0,7.0,4.0,6.0,3.0,7.0
swift (bird),8.0,4.0,7.0,4.0,5.0,4.0,6.0,3.0,5.0
swift (quick),6.0,5.0,3.0,4.0,6.0,4.0,4.0,4.0,5.0
table (chart),4.0,3.0,4.0,4.0,5.0,4.0,5.0,4.0,5.0
table (desk),4.0,2.0,6.0,4.0,7.0,4.0,6.0,4.0,5.0
tango (dance),8.0,7.0,5.0,4.0,5.0,4.0,6.0,4.0,7.0
tango (drink),10.0,5.0,6.0,4.0,4.0,4.0,6.0,3.0,5.0
tank (army),8.0,7.0,7.0,6.0,6.0,6.0,6.0,6.0,4.0
tank (fish),4.0,3.0,6.0,3.0,5.0,4.0,6.0,3.0,6.0
tank (storage),6.0,3.0,6.0,4.0,5.0,4.0,6.0,6.0,5.0
temple (forehead),6.0,2.0,6.0,4.0,5.0,4.0,6.0,3.0,5.0
temple (worship),7.0,4.0,6.0,4.0,6.0,4.0,6.0,6.0,7.0
tender (sensitive),8.0,4.0,3.0,3.0,5.0,3.0,5.0,4.0,6.0
tender (soft),4.0,3.0,4.0,3.0,6.0,3.0,5.0,4.0,6.0
tense (strained),8.0,7.0,3.0,2.0,5.0,4.0,4.0,4.0,3.0
tense (verb),8.0,6.0,3.0,4.0,5.0,4.0,4.0,4.0,5.0
text (phone message),6.0,5.0,4.0,4.0,6.0,4.0,5.0,3.0,5.0
text (written work),4.0,3.0,4.0,4.0,6.0,4.0,2.0,4.0,5.0
ticket (admission),6.0,4.0,6.0,4.0,6.0,4.0,6.0,2.0,7.0
ticket (parking),8.0,3.0,6.0,3.0,6.0,4.0,6.0,2.0,3.0
tie (bind),4.0,3.0,5.0,4.0,6.0,4.0,6.0,3.0,5.0
tie (neck),6.0,3.0,6.0,4.0,6.0,4.0,6.0,3.0,5.0
tie (stalemate),6.0,3.0,4.0,4.0,5.0,4.0,5.0,3.0,5.0
titanic (ship),8.0,5.0,7.0,4.0,6.0,4.0,7.0,7.0,5.0
titanic (size),10.0,5.0,4.0,5.0,6.0,4.0,7.0,7.0,5.0
toast (bread),4.0,2.0,6.0,4.0,6.0,4.0,6.0,3.0,5.0
toast (speech),8.0,5.0,2.0,4.0,5.0,4.0,5.0,3.0,5.0
tone (colour),4.0,3.0,6.0,4.0,5.0,4.0,6.0,4.0,5.0
tone (music),6.0,4.0,4.0,4.0,6.0,4.0,5.0,4.0,7.0
tone (voice),4.0,4.0,4.0,4.0,6.0,4.0,5.0,4.0,5.0
top (apex),4.0,4.0,5.0,6.0,6.0,4.0,6.0,5.0,5.0
top (shirt),4.0,3.0,6.0,4.0,6.0,4.0,6.0,3.0,5.0
top (spinning),4.0,5.0,6.0,4.0,5.0,4.0,6.0,3.0,5.0
torch (burn),6.0,7.0,6.0,4.0,5.0,4.0,6.0,3.0,5.0
torch (flashlight),4.0,4.0,7.0,4.0,6.0,4.0,7.0,4.0,5.0
trace (copy),6.0,3.0,5.0,4.0,5.0,4.0,5.0,3.0,5.0
trace (small amount),8.0,2.0,4.0,3.0,5.0,4.0,4.0,2.0,5.0
traction (grip),8.0,4.0,5.0,4.0,5.0,4.0,5.0,4.0,5.0
traction (medical),10.0,4.0,6.0,4.0,5.0,4.0,5.0,4.0,5.0
train (bridal),6.0,3.0,4.0,3.0,4.0,3.0,5.0,3.0,5.0
train (practice),4.0,4.0,6.0,4.0,6.0,4.0,6.0,6.0,5.0
train (procession),4.0,4.0,5.0,4.0,5.0,4.0,5.0,4.0,5.0
train (vehicle),4.0,5.0,7.0,4.0,7.0,4.0,6.0,6.0,5.0
trainer (coach),8.0,5.0,3.0,5.0,6.0,4.0,5.0,4.0,7.0
trainer (shoe),4.0,3.0,6.0,4.0,6.0,4.0,6.0,3.0,5.0
treble (music),8.0,5.0,3.0,4.0,5.0,4.0,5.0,4.0,5.0
treble (triple),8.0,4.0,4.0,4.0,5.0,4.0,5.0,5.0,5.0
trial (courtroom),8.0,5.0,5.0,4.0,6.0,4.0,6.0,4.0,4.0
trial (test),8.0,5.0,4.0,4.0,6.0,4.0,5.0,4.0,5.0
trunk (elephant),4.0,5.0,6.0,4.0,5.0,4.0,6.0,6.0,5.0
trunk (luggage),6.0,3.0,6.0,4.0,5.0,4.0,6.0,5.0,5.0
trunk (tree/body),4.0,3.0,6.0,4.0,6.0,4.0,6.0,5.0,5.0
tweet (Twitter),10.0,5.0,4.0,4.0,6.0,4.0,5.0,3.0,5.0
tweet (bird),4.0,3.0,6.0,3.0,6.0,4.0,6.0,2.0,6.0
type (category),4.0,4.0,3.0,4.0,5.0,4.0,4.0,4.0,5.0
type (typeface),10.0,3.0,4.0,4.0,5.0,4.0,4.0,4.0,5.0
unit (item),7.0,3.0,5.0,4.0,5.0,4.0,5.0,3.0,5.0
unit (measure),8.0,3.0,5.0,4.0,5.0,4.0,4.0,4.0,5.0
upset (sad),4.0,7.0,2.0,2.0,6.0,4.0,4.0,4.0,2.0
upset (unbalance),6.0,6.0,2.0,3.0,5.0,4.0,4.0,4.0,3.0
upset (unlikely victory),6.0,7.0,2.0,2.0,5.0,4.0,4.0,3.0,4.0
verse (poetry),8.0,3.0,4.0,4.0,5.0,4.0,5.0,3.0,5.0
verse (stanza),8.0,3.0,4.0,4.0,5.0,4.0,5.0,3.0,5.0
vet (investigate),10.0,5.0,5.0,4.0,5.0,4.0,5.0,4.0,5.0
vet (veteran),10.0,4.0,5.0,5.0,5.0,4.0,6.0,4.0,5.0
vet (veterinarian),8.0,4.0,6.0,5.0,6.0,4.0,6.0,4.0,7.0
vision (dream),6.0,5.0,3.0,4.0,5.0,4.0,5.0,4.0,7.0
vision (sight),2.0,5.0,5.0,4.0,6.0,4.0,6.0,4.0,7.0
volume (amount),6.0,3.0,3.0,4.0,5.0,4.0,4.0,5.0,5.0
volume (loudness),4.0,7.0,3.0,4.0,6.0,4.0,4.0,5.0,5.0
wake (awake),4.0,7.0,3.0,4.0,6.0,4.0,5.0,4.0,5.0
wake (funeral),8.0,2.0,5.0,3.0,5.0,4.0,6.0,4.0,2.0
wake (ship),8.0,4.0,5.0,4.0,4.0,4.0,6.0,5.0,5.0
ward (child),6.0,4.0,6.0,2.0,5.0,4.0,6.0,4.0,6.0
ward (hospital),8.0,5.0,6.0,3.0,6.0,4.0,6.0,4.0,5.0
warrant (justify),10.0,4.0,2.0,4.0,5.0,4.0,3.0,4.0,5.0
warrant (search),10.0,5.0,4.0,5.0,5.0,4.0,5.0,4.0,5.0
watch (look),4.0,4.0,3.0,4.0,6.0,4.0,5.0,4.0,5.0
watch (wrist),4.0,3.0,6.0,4.0,6.0,4.0,6.0,3.0,5.0
wave (gesture),3.0,3.0,6.0,4.0,6.0,4.0,6.0,3.0,7.0
wave (water),4.0,4.0,6.0,3.0,6.0,4.0,6.0,5.0,5.0
web (internet),8.0,5.0,3.0,4.0,7.0,4.0,4.0,6.0,5.0
web (spider),4.0,5.0,6.0,3.0,6.0,4.0,6.0,2.0,4.0
well (healthy),4.0,3.0,4.0,5.0,6.0,4.0,5.0,4.0,8.0
well (water),4.0,3.0,6.0,4.0,6.0,4.0,6.0,4.0,5.0
wind (breeze),4.0,3.0,5.0,3.0,6.0,4.0,5.0,4.0,5.0
wind (wrap around),6.0,3.0,5.0,3.0,5.0,4.0,5.0,4.0,5.0
wing (building),8.0,3.0,6.0,4.0,4.0,4.0,6.0,5.0,5.0
wing (improvise),6.0,5.0,4.0,4.0,4.0,4.0,5.0,4.0,5.0
wing (plane),4.0,4.0,6.0,4.0,6.0,4.0,6.0,6.0,5.0
wired (electric),6.0,7.0,6.0,4.0,6.0,4.0,6.0,4.0,5.0
wired (hyper),10.0,8.0,4.0,4.0,5.0,4.0,5.0,4.0,5.0
wood (forest),4.0,3.0,6.0,4.0,6.0,4.0,6.0,6.0,5.0
wood (lumber),4.0,3.0,7.0,4.0,6.0,4.0,6.0,5.0,5.0
wound (cut),4.0,7.0,6.0,2.0,6.0,4.0,6.0,4.0,2.0
wound (wrap around),6.0,3.0,5.0,3.0,5.0,4.0,5.0,4.0,5.0
yak (animal),8.0,3.0,7.0,4.0,5.0,4.0,6.0,6.0,5.0
yak (gab),8.0,4.0,4.0,3.0,4.0,4.0,5.0,5.0,5.0
yard (distance),6.0,3.0,6.0,4.0,6.0,4.0,6.0,4.0,5.0
yard (lawn),4.0,3.0,6.0,4.0,6.0,4.0,6.0,4.0,5.0
yarn (fabric),6.0,2.0,6.0,3.0,5.0,3.0,6.0,3.0,5.0
yarn (tale),7.0,4.0,3.0,3.0,5.0,3.0,5.0,3.0,5.0
